{"coverage": 66.751269035533, "raw_data": {"meta": {"version": "7.3.4", "timestamp": "2023-12-22T08:24:17.570148", "branch_coverage": false, "show_contexts": false}, "files": {"lexiflux/apps.py": {"executed_lines": [1, 2, 4, 5, 6, 9, 10, 12, 13, 15, 17, 19, 20, 22, 23, 27], "summary": {"covered_lines": 14, "num_statements": 14, "percent_covered": 100.0, "percent_covered_display": "100", "missing_lines": 0, "excluded_lines": 0}, "missing_lines": [], "excluded_lines": []}, "lexiflux/ebook/book_plain_text.py": {"executed_lines": [1, 2, 3, 4, 5, 6, 8, 9, 11, 14, 15, 17, 18, 19, 20, 21, 24, 25, 27, 28, 29, 30, 31, 32, 33, 34, 35, 36, 37, 38, 40, 44, 45, 46, 47, 48, 49, 50, 51, 53, 55, 56, 58, 60, 62, 69, 71, 72, 74, 76, 77, 78, 85, 86, 88, 89, 90, 92, 94, 95, 97, 98, 103, 108, 111, 112, 113, 114, 115, 118, 121, 124, 125, 129, 131, 133, 142, 146, 150, 151, 157, 159, 165, 166, 168, 171, 173, 174, 176, 177, 178, 179, 181, 186, 187, 188, 189, 190, 191, 194, 201, 202, 203, 204, 205, 206, 208, 210, 211, 213, 215, 216, 217, 218, 221, 227, 228, 230, 234, 235, 236, 237, 238, 239, 249, 270, 271, 281, 297, 298, 299, 300, 302, 306, 309, 314, 329, 337, 339, 345, 346, 347, 349, 351, 353, 354, 355, 362, 363, 374, 377], "summary": {"covered_lines": 148, "num_statements": 168, "percent_covered": 88.0952380952381, "percent_covered_display": "88", "missing_lines": 20, "excluded_lines": 0}, "missing_lines": [63, 67, 68, 197, 331, 348, 364, 365, 366, 368, 369, 370, 371, 372, 373, 379, 380, 381, 386, 387], "excluded_lines": []}, "lexiflux/language/google_languages.py": {"executed_lines": [1, 2, 4, 6, 12, 14, 15, 18, 19, 20, 21, 24, 30], "summary": {"covered_lines": 12, "num_statements": 12, "percent_covered": 100.0, "percent_covered_display": "100", "missing_lines": 0, "excluded_lines": 0}, "missing_lines": [], "excluded_lines": []}, "lexiflux/language/translation.py": {"executed_lines": [1, 2, 3, 4, 5, 7, 8, 10, 12, 15, 16, 18, 26, 27, 32, 33, 40, 42, 43, 44, 45, 46, 58, 78], "summary": {"covered_lines": 22, "num_statements": 47, "percent_covered": 46.808510638297875, "percent_covered_display": "47", "missing_lines": 25, "excluded_lines": 0}, "missing_lines": [20, 21, 22, 23, 24, 29, 35, 36, 37, 47, 48, 52, 53, 54, 55, 66, 67, 68, 69, 70, 71, 72, 74, 75, 79], "excluded_lines": []}, "lexiflux/models.py": {"executed_lines": [1, 2, 3, 5, 6, 7, 9, 12, 13, 15, 16, 18, 20, 25, 26, 28, 30, 35, 36, 38, 39, 40, 41, 47, 48, 52, 53, 54, 55, 57, 61, 65, 66, 70, 75, 76, 78, 79, 81, 86, 87, 89, 90, 91, 93, 94, 96, 97, 99, 104, 105, 107, 108, 111, 114, 115, 117, 120, 121, 122, 124, 126, 127, 143, 151, 152, 154], "summary": {"covered_lines": 57, "num_statements": 72, "percent_covered": 79.16666666666667, "percent_covered_display": "79", "missing_lines": 15, "excluded_lines": 0}, "missing_lines": [22, 32, 59, 63, 68, 72, 83, 101, 131, 135, 138, 139, 140, 141, 145], "excluded_lines": []}, "lexiflux/settings.py": {"executed_lines": [], "summary": {"covered_lines": 0, "num_statements": 0, "percent_covered": 100.0, "percent_covered_display": "100", "missing_lines": 0, "excluded_lines": 0}, "missing_lines": [], "excluded_lines": []}, "lexiflux/signals.py": {"executed_lines": [1, 2, 4, 5, 6, 8, 10, 13, 14, 22, 23], "summary": {"covered_lines": 10, "num_statements": 13, "percent_covered": 76.92307692307692, "percent_covered_display": "77", "missing_lines": 3, "excluded_lines": 0}, "missing_lines": [18, 19, 27], "excluded_lines": []}, "lexiflux/tests.py": {"executed_lines": [], "summary": {"covered_lines": 0, "num_statements": 0, "percent_covered": 100.0, "percent_covered_display": "100", "missing_lines": 0, "excluded_lines": 0}, "missing_lines": [], "excluded_lines": []}, "lexiflux/urls.py": {"executed_lines": [], "summary": {"covered_lines": 0, "num_statements": 3, "percent_covered": 0.0, "percent_covered_display": "0", "missing_lines": 3, "excluded_lines": 0}, "missing_lines": [2, 4, 6], "excluded_lines": []}, "lexiflux/views.py": {"executed_lines": [], "summary": {"covered_lines": 0, "num_statements": 65, "percent_covered": 0.0, "percent_covered_display": "0", "missing_lines": 65, "excluded_lines": 0}, "missing_lines": [2, 3, 4, 5, 6, 8, 10, 13, 14, 16, 17, 18, 19, 30, 31, 33, 34, 35, 36, 37, 38, 39, 40, 41, 51, 63, 64, 66, 67, 68, 69, 70, 71, 73, 76, 79, 80, 82, 83, 84, 85, 90, 91, 92, 93, 94, 95, 96, 99, 100, 103, 106, 107, 109, 111, 123, 126, 128, 129, 130, 131, 133, 134, 136, 138], "excluded_lines": []}}, "totals": {"covered_lines": 263, "num_statements": 394, "percent_covered": 66.751269035533, "percent_covered_display": "67", "missing_lines": 131, "excluded_lines": 0}}, "coverage_path": "."}