{"coverage": 72.52595155709342, "raw_data": {"meta": {"format": 2, "version": "7.5.4", "timestamp": "2024-07-11T18:05:12.978625", "branch_coverage": false, "show_contexts": false}, "files": {"lexiflux/admin.py": {"executed_lines": [1, 3, 4, 7, 8, 9, 11, 12], "summary": {"covered_lines": 6, "num_statements": 6, "percent_covered": 100.0, "percent_covered_display": "100", "missing_lines": 0, "excluded_lines": 0}, "missing_lines": [], "excluded_lines": []}, "lexiflux/api.py": {"executed_lines": [1, 3, 4, 5, 7, 8, 11, 13, 16, 17, 19, 20, 22, 23, 26, 29, 30, 31, 32, 34, 35, 36, 41, 43], "summary": {"covered_lines": 21, "num_statements": 24, "percent_covered": 87.5, "percent_covered_display": "88", "missing_lines": 3, "excluded_lines": 0}, "missing_lines": [37, 38, 39], "excluded_lines": []}, "lexiflux/apps.py": {"executed_lines": [1, 3, 5, 6, 7, 10, 11, 13, 14, 16, 18, 20, 21, 23, 24, 28], "summary": {"covered_lines": 14, "num_statements": 14, "percent_covered": 100.0, "percent_covered_display": "100", "missing_lines": 0, "excluded_lines": 0}, "missing_lines": [], "excluded_lines": []}, "lexiflux/ebook/book_base.py": {"executed_lines": [1, 3, 4, 5, 7, 9, 10, 11, 13, 16, 17, 19, 20, 21, 22, 23, 26, 27, 29, 30, 32, 33, 35, 36, 41, 45, 52, 57, 60, 61, 62, 63, 66, 69, 71, 72, 73, 76, 79, 82, 83, 87, 89, 90, 93, 95, 96, 100, 101, 103, 104, 105, 108, 110, 111, 113, 114, 116, 117, 120, 121, 124, 125, 127, 128, 129, 134, 136, 137], "summary": {"covered_lines": 66, "num_statements": 71, "percent_covered": 92.95774647887323, "percent_covered_display": "93", "missing_lines": 5, "excluded_lines": 0}, "missing_lines": [43, 50, 91, 130, 131], "excluded_lines": []}, "lexiflux/ebook/book_epub.py": {"executed_lines": [1, 3, 4, 5, 7, 8, 10, 13, 16, 17, 19, 20, 21, 23, 28, 29, 31, 32, 33, 40, 42, 49, 50, 55, 56, 57, 58, 61, 63, 68, 69, 70, 71, 72, 73, 82, 83, 84, 85, 86, 87, 88, 92, 97, 103, 104, 106, 107, 108, 109, 110, 112, 113, 118, 121, 125, 126, 127, 128, 129, 130, 132, 133, 136, 141, 142, 143, 144, 145, 146, 147, 150, 158, 159, 160, 161, 162, 163, 164, 165, 166, 167, 168, 169, 170, 175], "summary": {"covered_lines": 84, "num_statements": 92, "percent_covered": 91.30434782608695, "percent_covered_display": "91", "missing_lines": 8, "excluded_lines": 0}, "missing_lines": [94, 111, 114, 115, 116, 176, 177, 178], "excluded_lines": []}, "lexiflux/ebook/book_plain_text.py": {"executed_lines": [1, 3, 4, 5, 6, 8, 9, 10, 11, 13, 16, 17, 19, 20, 21, 22, 23, 24, 25, 26, 28, 29, 31, 39, 40, 41, 43, 45, 46, 48, 55, 56, 57, 60, 62, 64, 65, 66, 67, 68, 69, 70, 71, 72, 74, 75, 77, 79, 80, 81, 88, 89, 91, 92, 93, 95, 96, 98, 99, 101, 102, 104, 105, 106, 107, 109, 110, 116, 121, 122, 124, 125, 126, 127, 128, 129, 132, 139, 140, 141, 143, 144, 145, 147, 149, 155, 156, 157, 158, 159, 161, 166, 167, 168, 175, 176, 177, 178, 179, 180, 183, 184, 185, 186, 187, 188], "summary": {"covered_lines": 104, "num_statements": 111, "percent_covered": 93.69369369369369, "percent_covered_display": "94", "missing_lines": 7, "excluded_lines": 0}, "missing_lines": [58, 59, 112, 113, 114, 135, 182], "excluded_lines": []}, "lexiflux/ebook/headings.py": {"executed_lines": [1, 3, 4, 5, 8, 11, 12, 14, 19, 20, 21, 22, 23, 30, 31, 33, 37, 38, 39, 40, 41, 51, 72, 73, 83, 99, 100, 101, 102, 104, 108, 111, 116, 131, 133, 134, 135, 136], "summary": {"covered_lines": 36, "num_statements": 36, "percent_covered": 100.0, "percent_covered_display": "100", "missing_lines": 0, "excluded_lines": 0}, "missing_lines": [], "excluded_lines": []}, "lexiflux/ebook/page_splitter.py": {"executed_lines": [1, 3, 4, 7, 8, 10, 11, 12, 13, 14, 16, 17, 18, 19, 21, 33, 42, 46, 50, 54, 60, 62, 70, 71, 74, 75, 78, 80, 82, 83, 85, 89, 90, 92], "summary": {"covered_lines": 32, "num_statements": 37, "percent_covered": 86.48648648648648, "percent_covered_display": "86", "missing_lines": 5, "excluded_lines": 0}, "missing_lines": [23, 24, 25, 26, 29], "excluded_lines": []}, "lexiflux/forms.py": {"executed_lines": [1, 3, 4, 5, 6, 7, 10, 11, 13, 20, 21, 23, 24, 27, 28, 30, 31, 32, 34], "summary": {"covered_lines": 15, "num_statements": 33, "percent_covered": 45.45454545454545, "percent_covered_display": "45", "missing_lines": 18, "excluded_lines": 0}, "missing_lines": [14, 15, 16, 17, 18, 35, 36, 37, 39, 40, 41, 44, 45, 46, 47, 48, 49, 51], "excluded_lines": []}, "lexiflux/language/detect_language_fasttext.py": {"executed_lines": [1, 3, 4, 5, 9, 13, 15, 16, 17, 18, 22, 24, 25, 26, 30, 33, 38, 39, 42, 45, 46, 48], "summary": {"covered_lines": 21, "num_statements": 21, "percent_covered": 100.0, "percent_covered_display": "100", "missing_lines": 0, "excluded_lines": 0}, "missing_lines": [], "excluded_lines": []}, "lexiflux/language/google_languages.py": {"executed_lines": [1, 3, 5, 7, 13, 15, 16, 19, 20, 21, 22, 25, 31], "summary": {"covered_lines": 12, "num_statements": 12, "percent_covered": 100.0, "percent_covered_display": "100", "missing_lines": 0, "excluded_lines": 0}, "missing_lines": [], "excluded_lines": []}, "lexiflux/language/llm.py": {"executed_lines": [1, 3, 4, 5, 6, 8, 9, 10, 11, 12, 13, 14, 16, 22, 23, 25, 60, 70, 71, 73, 77, 78, 80, 82, 88, 101, 102, 104, 126, 127, 129, 140, 141, 143, 155, 156, 158, 159, 161, 169, 173, 200, 229, 298, 307, 344, 468, 471, 472], "summary": {"covered_lines": 42, "num_statements": 168, "percent_covered": 25.0, "percent_covered_display": "25", "missing_lines": 126, "excluded_lines": 0}, "missing_lines": [62, 63, 64, 65, 66, 67, 74, 84, 85, 86, 93, 94, 95, 96, 97, 98, 105, 106, 107, 108, 109, 110, 111, 112, 113, 114, 116, 117, 118, 119, 120, 122, 123, 130, 131, 132, 135, 136, 137, 144, 145, 146, 147, 148, 149, 150, 151, 152, 162, 166, 167, 171, 196, 214, 215, 216, 218, 219, 220, 221, 223, 227, 253, 254, 255, 256, 257, 258, 260, 261, 262, 263, 271, 272, 274, 275, 276, 278, 282, 283, 284, 286, 287, 288, 293, 305, 310, 312, 313, 314, 315, 317, 319, 320, 334, 335, 340, 342, 345, 346, 347, 348, 350, 362, 366, 383, 387, 405, 409, 429, 433, 456, 460, 469, 479, 480, 481, 483, 484, 486, 487, 488, 490, 491, 495, 497], "excluded_lines": []}, "lexiflux/language/sentence_extractor.py": {"executed_lines": [1, 3, 4, 5, 8, 11, 12, 14, 17, 44, 45, 46, 52, 53, 54, 60, 61, 63, 64, 68, 70, 71, 77, 79], "summary": {"covered_lines": 22, "num_statements": 25, "percent_covered": 88.0, "percent_covered_display": "88", "missing_lines": 3, "excluded_lines": 0}, "missing_lines": [47, 58, 74], "excluded_lines": []}, "lexiflux/language/sentence_extractor_llm.py": {"executed_lines": [1, 7, 8, 9, 10, 13, 14, 16, 20, 21, 22, 23, 26, 95, 131], "summary": {"covered_lines": 13, "num_statements": 52, "percent_covered": 25.0, "percent_covered_display": "25", "missing_lines": 39, "excluded_lines": 0}, "missing_lines": [17, 48, 49, 50, 59, 62, 63, 64, 66, 67, 68, 69, 72, 73, 76, 79, 80, 82, 84, 85, 89, 90, 92, 97, 116, 120, 125, 126, 128, 133, 134, 157, 159, 161, 162, 163, 165, 166, 167], "excluded_lines": []}, "lexiflux/language/translation.py": {"executed_lines": [1, 3, 4, 5, 6, 8, 9, 11, 13, 16, 17, 19, 21, 22, 23, 24, 25, 27, 28, 30, 33, 34, 36, 37, 40, 42, 43, 44, 45, 46, 47, 48, 52, 53, 54, 55, 58, 68, 69, 70, 71, 72, 73, 74, 76, 77, 80], "summary": {"covered_lines": 44, "num_statements": 44, "percent_covered": 100.0, "percent_covered_display": "100", "missing_lines": 0, "excluded_lines": 2}, "missing_lines": [], "excluded_lines": [80, 81]}, "lexiflux/language/word_extractor.py": {"executed_lines": [1, 3, 4, 5, 7, 10, 11, 13, 14, 15, 16, 17, 18, 19, 21, 22, 23, 24, 25, 26, 28, 30, 31, 32, 33, 34, 35, 37, 38, 39, 41, 42, 43, 44, 46, 47, 48, 49, 50, 51, 52, 53, 55, 56, 60, 61, 62, 63, 64, 65, 67, 69, 70, 72, 73, 76, 81, 82, 83, 84, 87, 88, 89, 90, 91, 94, 95, 97, 98, 101, 106, 107, 109, 112, 114, 115, 116], "summary": {"covered_lines": 75, "num_statements": 75, "percent_covered": 100.0, "percent_covered_display": "100", "missing_lines": 0, "excluded_lines": 0}, "missing_lines": [], "excluded_lines": []},