{"coverage": 90.55118110236221, "raw_data": {"meta": {"format": 2, "version": "7.4.1", "timestamp": "2024-02-18T06:36:44.399566", "branch_coverage": false, "show_contexts": false}, "files": {"lexiflux/apps.py": {"executed_lines": [1, 2, 4, 5, 6, 9, 10, 12, 13, 15, 17, 19, 20, 22, 23, 27], "summary": {"covered_lines": 14, "num_statements": 14, "percent_covered": 100.0, "percent_covered_display": "100", "missing_lines": 0, "excluded_lines": 0}, "missing_lines": [], "excluded_lines": []}, "lexiflux/ebook/book_base.py": {"executed_lines": [1, 2, 3, 4, 6, 8, 9, 10, 11, 13, 16, 17, 19, 20, 21, 22, 23, 26, 27, 29, 30, 32, 33, 35, 36, 41, 45, 52, 57, 60, 61, 62, 63, 66, 69, 71, 72, 73, 76, 79, 82, 83, 87, 89, 90, 93, 95, 96, 100, 101, 103, 104, 105, 108, 110, 111, 113, 114, 116, 117, 120, 121, 124, 125, 127, 128, 129, 134, 136, 137], "summary": {"covered_lines": 67, "num_statements": 72, "percent_covered": 93.05555555555556, "percent_covered_display": "93", "missing_lines": 5, "excluded_lines": 0}, "missing_lines": [43, 50, 91, 130, 131], "excluded_lines": []}, "lexiflux/ebook/book_epub.py": {"executed_lines": [1, 2, 3, 5, 7, 10, 13, 14, 16, 17, 18, 20, 37, 58, 82, 87, 93, 94, 96, 97, 98, 99, 100, 102, 103, 108, 111, 115, 116, 117, 118, 119, 120, 122, 123], "summary": {"covered_lines": 33, "num_statements": 57, "percent_covered": 57.89473684210526, "percent_covered_display": "58", "missing_lines": 24, "excluded_lines": 0}, "missing_lines": [25, 26, 28, 29, 30, 35, 44, 45, 50, 51, 52, 53, 56, 63, 64, 65, 70, 71, 79, 84, 101, 104, 105, 106], "excluded_lines": []}, "lexiflux/ebook/book_plain_text.py": {"executed_lines": [1, 2, 3, 4, 5, 7, 8, 9, 11, 14, 15, 17, 18, 19, 20, 21, 22, 23, 24, 25, 26, 27, 28, 29, 31, 32, 34, 42, 43, 44, 46, 48, 49, 51, 58, 59, 60, 63, 65, 77, 79, 80, 81, 82, 83, 84, 85, 86, 87, 89, 90, 92, 94, 95, 96, 103, 104, 106, 107, 108, 110, 111, 113, 114, 116, 125, 129, 133, 137, 143, 145, 152, 153, 156, 159, 161, 162, 164, 165, 166, 167, 169, 174, 176, 177, 178, 179, 180, 181, 184, 189, 190, 191, 193, 194, 195, 197, 199, 205, 206, 207, 208, 209, 211, 216, 217, 218, 225, 226, 227, 228, 229, 230, 233, 234, 235, 236, 237, 238], "summary": {"covered_lines": 117, "num_statements": 126, "percent_covered": 92.85714285714286, "percent_covered_display": "93", "missing_lines": 9, "excluded_lines": 0}, "missing_lines": [61, 62, 67, 68, 69, 70, 73, 187, 232], "excluded_lines": []}, "lexiflux/ebook/headings.py": {"executed_lines": [1, 2, 3, 4, 7, 10, 11, 13, 18, 19, 20, 21, 22, 29, 30, 32, 36, 37, 38, 39, 40, 50, 71, 72, 82, 98, 99, 100, 101, 103, 107, 110, 115, 130, 132, 133, 134, 135], "summary": {"covered_lines": 36, "num_statements": 36, "percent_covered": 100.0, "percent_covered_display": "100", "missing_lines": 0, "excluded_lines": 0}, "missing_lines": [], "excluded_lines": []}, "lexiflux/language/google_languages.py": {"executed_lines": [1, 2, 4, 6, 12, 14, 15, 18, 19, 20, 21, 24, 30], "summary": {"covered_lines": 12, "num_statements": 12, "percent_covered": 100.0, "percent_covered_display": "100", "missing_lines": 0, "excluded_lines": 0}, "missing_lines": [], "excluded_lines": []}, "lexiflux/language/translation.py": {"executed_lines": [1, 2, 3, 4, 5, 7, 8, 10, 12, 15, 16, 18, 20, 21, 22, 23, 24, 26, 27, 29, 32, 33, 35, 36, 37, 40, 42, 43, 44, 45, 46, 47, 48, 52, 53, 54, 55, 58, 68, 69, 70, 71, 72, 73, 74, 76, 77, 80], "summary": {"covered_lines": 45, "num_statements": 45, "percent_covered": 100.0, "percent_covered_display": "100", "missing_lines": 0, "excluded_lines": 2}, "missing_lines": [], "excluded_lines": [80, 81]}, "lexiflux/models.py": {"executed_lines": [1, 2, 3, 4, 6, 7, 8, 9, 11, 13, 15, 16, 19, 21, 22, 23, 30, 31, 33, 34, 36, 38, 43, 44, 46, 48, 53, 54, 56, 64, 65, 66, 70, 71, 72, 73, 75, 76, 82, 84, 85, 87, 89, 90, 92, 94, 96, 102, 106, 109, 110, 111, 115, 117, 118, 119, 120, 121, 122, 124, 126, 128, 133, 134, 136, 137, 139, 144, 145, 147, 148, 149, 151, 152, 154, 155, 157, 162, 163, 165, 168, 175, 178, 179, 184, 187, 188, 189, 190, 191, 195, 200, 201, 205, 215, 230, 231, 233, 236, 237, 239, 244, 245, 246, 247, 249, 250, 252], "summary": {"covered_lines": 96, "num_statements": 111, "percent_covered": 86.48648648648648, "percent_covered_display": "86", "missing_lines": 15, "excluded_lines": 0}, "missing_lines": [40, 50, 103, 112, 113, 130, 141, 159, 216, 217, 218, 221, 225, 226, 228], "excluded_lines": []}, "lexiflux/settings.py": {"executed_lines": [], "summary": {"covered_lines": 0, "num_statements": 0, "percent_covered": 100.0, "percent_covered_display": "100", "missing_lines": 0, "excluded_lines": 0}, "missing_lines": [], "excluded_lines": []}, "lexiflux/signals.py": {"executed_lines": [1, 2, 4, 5, 6, 8, 10, 13, 14, 21, 22, 25, 26, 32], "summary": {"covered_lines": 13, "num_statements": 13, "percent_covered": 100.0, "percent_covered_display": "100", "missing_lines": 0, "excluded_lines": 0}, "missing_lines": [], "excluded_lines": []}, "lexiflux/tests.py": {"executed_lines": [], "summary": {"covered_lines": 0, "num_statements": 0, "percent_covered": 100.0, "percent_covered_display": "100", "missing_lines": 0, "excluded_lines": 0}, "missing_lines": [], "excluded_lines": []}, "lexiflux/urls.py": {"executed_lines": [1, 2, 4, 6], "summary": {"covered_lines": 3, "num_statements": 3, "percent_covered": 100.0, "percent_covered_display": "100", "missing_lines": 0, "excluded_lines": 0}, "missing_lines": [], "excluded_lines": []}, "lexiflux/utils.py": {"executed_lines": [1, 2, 4, 7, 9, 10, 11, 12, 15], "summary": {"covered_lines": 8, "num_statements": 8, "percent_covered": 100.0, "percent_covered_display": "100", "missing_lines": 0, "excluded_lines": 0}, "missing_lines": [], "excluded_lines": []}, "lexiflux/views.py": {"executed_lines": [1, 3, 4, 5, 6, 7, 8, 9, 10, 12, 13, 15, 18, 20, 21, 22, 23, 24, 25, 27, 28, 29, 30, 33, 38, 40, 43, 44, 49, 50, 51, 52, 53, 55, 56, 58, 59, 60, 62, 65, 67, 68, 70, 72, 73, 75, 86, 87, 92, 93, 94, 95, 96, 97, 98, 99, 100, 104, 105, 108, 110, 111, 112, 122, 133, 134, 136, 137, 138, 139, 140, 142, 143, 145, 146, 147, 149, 152, 155, 156, 158, 159, 160, 161, 163, 164, 165, 166, 167, 168, 169, 172, 173, 176, 179, 180, 182, 184, 187, 193, 204, 205, 207, 208, 209, 210, 216, 219, 220, 221, 223, 225, 226, 227, 229, 230, 231, 232, 233, 234, 236, 237, 240, 248, 251, 252, 254, 255, 257, 258, 260, 264], "summary": {"covered_lines": 131, "num_statements": 138, "percent_covered": 94.92753623188406, "percent_covered_display": "95", "missing_lines": 7, "excluded_lines": 0}, "missing_lines": [35, 54, 63, 141, 211, 212, 238], "excluded_lines": []}}, "totals": {"covered_lines": 575, "num_statements": 635, "percent_covered": 90.55118110236221, "percent_covered_display": "91", "missing_lines": 60, "excluded_lines": 2}}, "coverage_path": "."}