{"coverage": 25.112781954887218, "raw_data": {"meta": {"format": 2, "version": "7.5.4", "timestamp": "2024-07-08T10:20:41.305539", "branch_coverage": false, "show_contexts": false}, "files": {"lexiflux/admin.py": {"executed_lines": [1, 3, 4, 7, 8, 9, 11, 12], "summary": {"covered_lines": 6, "num_statements": 6, "percent_covered": 100.0, "percent_covered_display": "100", "missing_lines": 0, "excluded_lines": 0}, "missing_lines": [], "excluded_lines": []}, "lexiflux/api.py": {"executed_lines": [1, 3, 4, 5, 7, 8, 11, 16, 17, 19, 20, 22, 23, 26], "summary": {"covered_lines": 11, "num_statements": 24, "percent_covered": 45.833333333333336, "percent_covered_display": "46", "missing_lines": 13, "excluded_lines": 0}, "missing_lines": [13, 29, 30, 31, 32, 34, 35, 36, 37, 38, 39, 41, 43], "excluded_lines": []}, "lexiflux/apps.py": {"executed_lines": [1, 3, 5, 6, 7, 10, 11, 13, 14, 16, 18, 20, 21], "summary": {"covered_lines": 11, "num_statements": 14, "percent_covered": 78.57142857142857, "percent_covered_display": "79", "missing_lines": 3, "excluded_lines": 0}, "missing_lines": [23, 24, 28], "excluded_lines": []}, "lexiflux/ebook/book_base.py": {"executed_lines": [1, 3, 4, 5, 7, 9, 10, 11, 13, 16, 17, 19, 20, 21, 22, 23, 26, 27, 29, 30, 32, 33, 41, 45, 52, 93, 108], "summary": {"covered_lines": 24, "num_statements": 71, "percent_covered": 33.80281690140845, "percent_covered_display": "34", "missing_lines": 47, "excluded_lines": 0}, "missing_lines": [35, 36, 43, 50, 57, 60, 61, 62, 63, 66, 69, 71, 72, 73, 76, 79, 82, 83, 87, 89, 90, 91, 95, 96, 100, 101, 103, 104, 105, 110, 111, 113, 114, 116, 117, 120, 121, 124, 125, 127, 128, 129, 130, 131, 134, 136, 137], "excluded_lines": []}, "lexiflux/ebook/book_epub.py": {"executed_lines": [1, 3, 4, 5, 7, 8, 10, 13, 16, 17, 19, 20, 21, 23, 42, 63, 92, 97, 121, 136, 150], "summary": {"covered_lines": 19, "num_statements": 92, "percent_covered": 20.652173913043477, "percent_covered_display": "21", "missing_lines": 73, "excluded_lines": 0}, "missing_lines": [28, 29, 31, 32, 33, 40, 49, 50, 55, 56, 57, 58, 61, 68, 69, 70, 71, 72, 73, 82, 83, 84, 85, 86, 87, 88, 94, 103, 104, 106, 107, 108, 109, 110, 111, 112, 113, 114, 115, 116, 118, 125, 126, 127, 128, 129, 130, 132, 133, 141, 142, 143, 144, 145, 146, 147, 158, 159, 160, 161, 162, 163, 164, 165, 166, 167, 168, 169, 170, 175, 176, 177, 178], "excluded_lines": []}, "lexiflux/ebook/book_plain_text.py": {"executed_lines": [1, 3, 4, 5, 6, 8, 9, 10, 11, 13, 16, 17, 19, 20, 21, 22, 23, 24, 25, 26, 28, 29, 31, 48, 62, 77, 101, 102, 109, 110, 116, 147, 161], "summary": {"covered_lines": 31, "num_statements": 111, "percent_covered": 27.92792792792793, "percent_covered_display": "28", "missing_lines": 80, "excluded_lines": 0}, "missing_lines": [39, 40, 41, 43, 45, 46, 55, 56, 57, 58, 59, 60, 64, 65, 66, 67, 68, 69, 70, 71, 72, 74, 75, 79, 80, 81, 88, 89, 91, 92, 93, 95, 96, 98, 99, 104, 105, 106, 107, 112, 113, 114, 121, 122, 124, 125, 126, 127, 128, 129, 132, 135, 139, 140, 141, 143, 144, 145, 149, 155, 156, 157, 158, 159, 166, 167, 168, 175, 176, 177, 178, 179, 180, 182, 183, 184, 185, 186, 187, 188], "excluded_lines": []}, "lexiflux/ebook/headings.py": {"executed_lines": [1, 3, 4, 5, 8, 11, 12, 14, 33, 131], "summary": {"covered_lines": 8, "num_statements": 36, "percent_covered": 22.22222222222222, "percent_covered_display": "22", "missing_lines": 28, "excluded_lines": 0}, "missing_lines": [19, 20, 21, 22, 23, 30, 31, 37, 38, 39, 40, 41, 51, 72, 73, 83, 99, 100, 101, 102, 104, 108, 111, 116, 133, 134, 135, 136], "excluded_lines": []}, "lexiflux/ebook/page_splitter.py": {"executed_lines": [1, 3, 4, 7, 8, 10, 11, 12, 13, 14, 16, 21, 33, 60, 80], "summary": {"covered_lines": 13, "num_statements": 37, "percent_covered": 35.13513513513514, "percent_covered_display": "35", "missing_lines": 24, "excluded_lines": 0}, "missing_lines": [17, 18, 19, 23, 24, 25, 26, 29, 42, 46, 50, 54, 62, 70, 71, 74, 75, 78, 82, 83, 85, 89, 90, 92], "excluded_lines": []}, "lexiflux/forms.py": {"executed_lines": [1, 3, 4, 5, 6, 7, 10, 11, 13, 20, 21, 23, 24, 27, 28, 30, 31, 32, 34], "summary": {"covered_lines": 15, "num_statements": 33, "percent_covered": 45.45454545454545, "percent_covered_display": "45", "missing_lines": 18, "excluded_lines": 0}, "missing_lines": [14, 15, 16, 17, 18, 35, 36, 37, 39, 40, 41, 44, 45, 46, 47, 48, 49, 51], "excluded_lines": []}, "lexiflux/language/sentence_extractor.py": {"executed_lines": [1, 3, 4, 5, 6, 7, 8, 11, 14, 15, 17, 18, 22, 24, 33, 42, 66], "summary": {"covered_lines": 15, "num_statements": 51, "percent_covered": 29.41176470588235, "percent_covered_display": "29", "missing_lines": 36, "excluded_lines": 0}, "missing_lines": [35, 36, 37, 38, 39, 50, 51, 52, 53, 55, 56, 57, 58, 59, 60, 61, 63, 86, 87, 88, 89, 90, 92, 93, 94, 95, 97, 99, 100, 101, 103, 104, 105, 106, 108, 110], "excluded_lines": []}, "lexiflux/language/translation.py": {"executed_lines": [1, 3, 4, 5, 6, 8, 9, 11, 13, 16, 17, 19, 27, 28, 33, 34, 40, 58, 80], "summary": {"covered_lines": 16, "num_statements": 44, "percent_covered": 36.36363636363637, "percent_covered_display": "36", "missing_lines": 28, "excluded_lines": 2}, "missing_lines": [21, 22, 23, 24, 25, 30, 36, 37, 42, 43, 44, 45, 46, 47, 48, 52, 53, 54, 55, 68, 69, 70, 71, 72, 73, 74, 76, 77], "excluded_lines": [80, 81]}, "lexiflux/language/word_extractor.py": {"executed_lines": [1, 3, 4, 5, 7, 10, 11, 13, 21, 30, 41, 46, 55, 56, 112], "summary": {"covered_lines": 13, "num_statements": 75, "percent_covered": 17.333333333333332, "percent_covered_display": "17", "missing_lines": 62, "excluded_lines": 0}, "missing_lines": [14, 15, 16, 17, 18, 19, 22, 23, 24, 25, 26, 28, 31, 32, 33, 34, 35, 37, 38, 39, 42, 43, 44, 47, 48, 49, 50, 51, 52, 53, 60, 61, 62, 63, 64, 65, 67, 69, 70, 72, 73, 76, 81, 82, 83, 84, 87, 88, 89, 90, 91, 94, 95, 97, 98, 101, 106, 107, 109, 114, 115, 116], "excluded_lines": []}, "lexiflux/lexical_articles.py": {"executed_lines": [], "summary": {"covered_lines": 0, "num_statements": 10, "percent_covered": 0.0, "percent_covered_display": "0", "missing_lines": 10, "excluded_lines": 0}, "missing_lines": [3, 6, 10, 11, 13, 17, 18, 28, 30, 32], "excluded_lines": []}, "lexiflux/llm.py": {"executed_lines": [1, 3, 4, 5, 6, 8, 9, 10, 11], "summary": {"covered_lines": 8, "num_statements": 146, "percent_covered": 5.47945205479452, "percent_covered_display": "5", "missing_lines": 138, "excluded_lines": 0}, "missing_lines": [12, 13, 14, 15, 16, 17, 19, 48, 51, 52, 55, 58, 60, 62, 63, 64, 66, 71, 72, 73, 74, 75, 76, 79, 82, 83, 84, 85, 86, 87, 88, 89, 90, 91, 92, 94, 95, 96, 97, 98, 100, 101, 104, 107, 108, 109, 110, 113, 114, 115, 118, 121, 122, 123, 124, 125, 126, 127, 128, 129, 130, 133, 146, 148, 149, 152, 153, 155, 157, 159, 161, 165, 175, 176, 177, 178, 179, 180, 181, 184, 185, 186, 187, 188, 189, 191, 192, 194, 201, 203, 206, 208, 209, 215, 217, 218, 219, 220, 221, 223, 231, 235, 249, 253, 268, 272, 292, 296, 319, 323, 331, 332, 339, 340, 342, 363, 366, 367, 371, 372, 373, 375, 376, 378, 379, 386, 387, 388, 390, 391, 393, 394, 395, 396, 398, 399, 403, 405], "excluded_lines": []}, "lexiflux/models.py": {"executed_lines": [1, 3, 4, 5, 7, 8, 9, 10, 11, 12, 14, 16, 18, 28, 29, 32, 33, 35, 36, 38, 47, 58, 59, 61, 64, 66, 68, 73, 74, 76, 78, 83, 84, 86, 94, 95, 96, 100, 101, 102, 103, 105, 106, 114, 115, 119, 120, 124, 147, 158, 163, 164, 166, 167, 169, 174, 175, 177, 178, 179, 180, 187, 188, 189, 191, 194, 202, 215, 216, 223, 229, 254, 255, 257, 260, 261, 262, 264, 265, 267, 278, 283, 284, 290, 293, 296, 303, 306, 307, 309, 310, 312, 313, 314, 352, 353, 363, 368, 369, 374, 377, 378, 379, 380, 381, 385, 390, 391, 420, 421, 423, 426, 427, 429, 434, 435, 436, 437, 439, 440, 442], "summary": {"covered_lines": 108, "num_statements": 201, "percent_covered": 53.73134328358209, "percent_covered_display": "54", "missing_lines": 93, "excluded_lines": 0},