{"coverage": 68.52300242130751, "raw_data": {"meta": {"version": "7.3.4", "timestamp": "2023-12-24T07:48:19.716260", "branch_coverage": false, "show_contexts": false}, "files": {"lexiflux/apps.py": {"executed_lines": [1, 2, 4, 5, 6, 9, 10, 12, 13, 15, 17, 19, 20, 22, 23, 27], "summary": {"covered_lines": 14, "num_statements": 14, "percent_covered": 100.0, "percent_covered_display": "100", "missing_lines": 0, "excluded_lines": 0}, "missing_lines": [], "excluded_lines": []}, "lexiflux/ebook/book_plain_text.py": {"executed_lines": [1, 2, 3, 4, 5, 6, 8, 10, 11, 12, 14, 17, 18, 20, 21, 22, 23, 24, 27, 28, 30, 31, 32, 33, 34, 35, 36, 37, 38, 39, 40, 41, 43, 51, 52, 53, 54, 55, 56, 57, 59, 61, 62, 64, 66, 68, 69, 70, 71, 72, 73, 74, 75, 76, 78, 79, 81, 83, 90, 92, 93, 95, 97, 98, 99, 106, 107, 109, 110, 111, 113, 115, 116, 118, 119, 124, 129, 132, 133, 134, 135, 138, 141, 143, 144, 145, 148, 151, 154, 155, 159, 161, 163, 172, 176, 180, 181, 187, 189, 195, 196, 198, 201, 203, 204, 206, 207, 208, 209, 211, 216, 218, 219, 220, 221, 222, 223, 226, 233, 234, 235, 236, 237, 238, 240, 242, 248, 249, 250, 252, 254, 256, 257, 258, 265, 266, 277, 280], "summary": {"covered_lines": 135, "num_statements": 154, "percent_covered": 87.66233766233766, "percent_covered_display": "88", "missing_lines": 19, "excluded_lines": 0}, "missing_lines": [84, 88, 89, 229, 251, 267, 268, 269, 271, 272, 273, 274, 275, 276, 282, 283, 284, 289, 290], "excluded_lines": []}, "lexiflux/ebook/book_processor.py": {"executed_lines": [1, 2, 3, 6, 7, 9, 11, 12, 13, 14, 17, 23, 24, 26, 30, 31, 32, 33, 34, 35, 45, 66, 67, 77, 93, 94, 95, 96, 98, 102, 105, 110, 125, 127, 128], "summary": {"covered_lines": 33, "num_statements": 33, "percent_covered": 100.0, "percent_covered_display": "100", "missing_lines": 0, "excluded_lines": 0}, "missing_lines": [], "excluded_lines": []}, "lexiflux/language/google_languages.py": {"executed_lines": [1, 2, 4, 6, 12, 14, 15, 18, 19, 20, 21, 24, 30], "summary": {"covered_lines": 12, "num_statements": 12, "percent_covered": 100.0, "percent_covered_display": "100", "missing_lines": 0, "excluded_lines": 0}, "missing_lines": [], "excluded_lines": []}, "lexiflux/language/translation.py": {"executed_lines": [1, 2, 3, 4, 5, 7, 8, 10, 12, 15, 16, 18, 26, 27, 32, 33, 40, 42, 43, 44, 45, 46, 58, 78], "summary": {"covered_lines": 22, "num_statements": 47, "percent_covered": 46.808510638297875, "percent_covered_display": "47", "missing_lines": 25, "excluded_lines": 0}, "missing_lines": [20, 21, 22, 23, 24, 29, 35, 36, 37, 47, 48, 52, 53, 54, 55, 66, 67, 68, 69, 70, 71, 72, 74, 75, 79], "excluded_lines": []}, "lexiflux/models.py": {"executed_lines": [1, 2, 3, 5, 6, 7, 9, 12, 13, 15, 16, 18, 20, 25, 26, 28, 30, 35, 36, 38, 39, 40, 41, 47, 48, 52, 53, 54, 55, 57, 61, 65, 66, 70, 75, 76, 78, 79, 81, 86, 87, 89, 90, 91, 93, 94, 96, 97, 99, 104, 105, 107, 108, 111, 114, 115, 117, 120, 121, 122, 124, 126, 127, 143, 151, 152, 154], "summary": {"covered_lines": 57, "num_statements": 72, "percent_covered": 79.16666666666667, "percent_covered_display": "79", "missing_lines": 15, "excluded_lines": 0}, "missing_lines": [22, 32, 59, 63, 68, 72, 83, 101, 131, 135, 138, 139, 140, 141, 145], "excluded_lines": []}, "lexiflux/settings.py": {"executed_lines": [], "summary": {"covered_lines": 0, "num_statements": 0, "percent_covered": 100.0, "percent_covered_display": "100", "missing_lines": 0, "excluded_lines": 0}, "missing_lines": [], "excluded_lines": []}, "lexiflux/signals.py": {"executed_lines": [1, 2, 4, 5, 6, 8, 10, 13, 14, 22, 23], "summary": {"covered_lines": 10, "num_statements": 13, "percent_covered": 76.92307692307692, "percent_covered_display": "77", "missing_lines": 3, "excluded_lines": 0}, "missing_lines": [18, 19, 27], "excluded_lines": []}, "lexiflux/tests.py": {"executed_lines": [], "summary": {"covered_lines": 0, "num_statements": 0, "percent_covered": 100.0, "percent_covered_display": "100", "missing_lines": 0, "excluded_lines": 0}, "missing_lines": [], "excluded_lines": []}, "lexiflux/urls.py": {"executed_lines": [], "summary": {"covered_lines": 0, "num_statements": 3, "percent_covered": 0.0, "percent_covered_display": "0", "missing_lines": 3, "excluded_lines": 0}, "missing_lines": [2, 4, 6], "excluded_lines": []}, "lexiflux/views.py": {"executed_lines": [], "summary": {"covered_lines": 0, "num_statements": 65, "percent_covered": 0.0, "percent_covered_display": "0", "missing_lines": 65, "excluded_lines": 0}, "missing_lines": [2, 3, 4, 5, 6, 8, 10, 13, 14, 16, 17, 18, 19, 30, 31, 33, 34, 35, 36, 37, 38, 39, 40, 41, 51, 63, 64, 66, 67, 68, 69, 70, 71, 73, 76, 79, 80, 82, 83, 84, 85, 90, 91, 92, 93, 94, 95, 96, 99, 100, 103, 106, 107, 109, 111, 123, 126, 128, 129, 130, 131, 133, 134, 136, 138], "excluded_lines": []}}, "totals": {"covered_lines": 283, "num_statements": 413, "percent_covered": 68.52300242130751, "percent_covered_display": "69", "missing_lines": 130, "excluded_lines": 0}}, "coverage_path": "."}