{"coverage": 16.96113074204947, "raw_data": {"meta": {"version": "7.3.3", "timestamp": "2023-12-17T10:21:43.281124", "branch_coverage": false, "show_contexts": false}, "files": {"lexiflux/apps.py": {"executed_lines": [], "summary": {"covered_lines": 0, "num_statements": 14, "percent_covered": 0.0, "percent_covered_display": "0", "missing_lines": 14, "excluded_lines": 0}, "missing_lines": [2, 4, 5, 6, 9, 12, 13, 15, 17, 19, 20, 22, 23, 27], "excluded_lines": []}, "lexiflux/ebook/book_plain_text.py": {"executed_lines": [1, 2, 3, 6, 7, 9, 10, 11, 12, 14, 18, 19, 20, 21, 25, 27, 29, 38, 43, 48, 49, 55, 57, 63, 64, 66, 69, 71, 72, 74, 75, 76, 77, 79, 81, 82, 83, 84, 87, 88, 90, 104, 198, 206, 208, 214, 215, 216, 218, 221], "summary": {"covered_lines": 48, "num_statements": 92, "percent_covered": 52.17391304347826, "percent_covered_display": "52", "missing_lines": 44, "excluded_lines": 0}, "missing_lines": [22, 23, 92, 93, 94, 95, 96, 98, 99, 100, 101, 102, 108, 109, 110, 120, 141, 142, 152, 169, 170, 171, 172, 175, 176, 177, 178, 181, 182, 183, 184, 187, 188, 189, 190, 191, 193, 195, 196, 200, 217, 222, 223, 224], "excluded_lines": []}, "lexiflux/models.py": {"executed_lines": [], "summary": {"covered_lines": 0, "num_statements": 78, "percent_covered": 0.0, "percent_covered_display": "0", "missing_lines": 78, "excluded_lines": 0}, "missing_lines": [2, 3, 5, 6, 7, 9, 10, 13, 16, 17, 19, 21, 23, 26, 29, 31, 33, 36, 39, 40, 41, 42, 48, 49, 53, 54, 55, 56, 58, 60, 62, 64, 66, 67, 69, 71, 73, 74, 75, 76, 78, 80, 83, 86, 87, 89, 91, 94, 97, 98, 99, 101, 104, 105, 107, 109, 112, 115, 116, 119, 122, 125, 128, 129, 130, 132, 134, 135, 139, 143, 146, 147, 148, 149, 151, 153, 159, 162], "excluded_lines": []}, "lexiflux/settings.py": {"executed_lines": [], "summary": {"covered_lines": 0, "num_statements": 0, "percent_covered": 100.0, "percent_covered_display": "100", "missing_lines": 0, "excluded_lines": 0}, "missing_lines": [], "excluded_lines": []}, "lexiflux/signals.py": {"executed_lines": [], "summary": {"covered_lines": 0, "num_statements": 13, "percent_covered": 0.0, "percent_covered_display": "0", "missing_lines": 13, "excluded_lines": 0}, "missing_lines": [2, 4, 5, 6, 8, 10, 13, 14, 18, 19, 22, 23, 27], "excluded_lines": []}, "lexiflux/tests.py": {"executed_lines": [], "summary": {"covered_lines": 0, "num_statements": 0, "percent_covered": 100.0, "percent_covered_display": "100", "missing_lines": 0, "excluded_lines": 0}, "missing_lines": [], "excluded_lines": []}, "lexiflux/translation.py": {"executed_lines": [], "summary": {"covered_lines": 0, "num_statements": 18, "percent_covered": 0.0, "percent_covered_display": "0", "missing_lines": 18, "excluded_lines": 0}, "missing_lines": [2, 4, 6, 9, 12, 14, 15, 16, 17, 18, 20, 21, 23, 26, 27, 29, 30, 31], "excluded_lines": []}, "lexiflux/urls.py": {"executed_lines": [], "summary": {"covered_lines": 0, "num_statements": 3, "percent_covered": 0.0, "percent_covered_display": "0", "missing_lines": 3, "excluded_lines": 0}, "missing_lines": [2, 4, 6], "excluded_lines": []}, "lexiflux/views.py": {"executed_lines": [], "summary": {"covered_lines": 0, "num_statements": 65, "percent_covered": 0.0, "percent_covered_display": "0", "missing_lines": 65, "excluded_lines": 0}, "missing_lines": [2, 3, 4, 5, 6, 8, 9, 12, 13, 15, 16, 17, 18, 29, 30, 32, 33, 34, 35, 36, 37, 38, 39, 40, 50, 62, 63, 65, 66, 67, 68, 69, 70, 72, 75, 78, 79, 81, 82, 83, 84, 89, 90, 91, 92, 93, 94, 95, 98, 99, 102, 105, 106, 108, 110, 122, 125, 127, 128, 129, 130, 132, 133, 135, 137], "excluded_lines": []}}, "totals": {"covered_lines": 48, "num_statements": 283, "percent_covered": 16.96113074204947, "percent_covered_display": "17", "missing_lines": 235, "excluded_lines": 0}}, "coverage_path": "."}