{"coverage": 54.13907284768212, "raw_data": {"meta": {"format": 2, "version": "7.4.1", "timestamp": "2024-02-10T07:49:38.557214", "branch_coverage": false, "show_contexts": false}, "files": {"lexiflux/apps.py": {"executed_lines": [1, 2, 4, 5, 6, 9, 10, 12, 13, 15, 17, 19, 20, 22, 23, 27], "summary": {"covered_lines": 14, "num_statements": 14, "percent_covered": 100.0, "percent_covered_display": "100", "missing_lines": 0, "excluded_lines": 0}, "missing_lines": [], "excluded_lines": []}, "lexiflux/ebook/book_base.py": {"executed_lines": [1, 2, 3, 4, 6, 8, 9, 10, 12, 15, 16, 18, 19, 20, 21, 22, 25, 26, 28, 29, 31, 32, 34, 35, 40, 44, 51, 56, 59, 60, 61, 62, 65, 68, 70, 71, 72, 75, 78, 81, 82, 86, 88, 89, 92, 94, 102, 103, 104, 107], "summary": {"covered_lines": 47, "num_statements": 70, "percent_covered": 67.14285714285714, "percent_covered_display": "67", "missing_lines": 23, "excluded_lines": 0}, "missing_lines": [42, 49, 90, 95, 99, 100, 109, 110, 112, 113, 115, 116, 119, 120, 122, 124, 125, 126, 127, 128, 131, 133, 134], "excluded_lines": []}, "lexiflux/ebook/book_epub.py": {"executed_lines": [], "summary": {"covered_lines": 0, "num_statements": 45, "percent_covered": 0.0, "percent_covered_display": "0", "missing_lines": 45, "excluded_lines": 0}, "missing_lines": [2, 4, 6, 9, 15, 16, 18, 19, 20, 21, 22, 23, 24, 25, 26, 27, 28, 30, 33, 35, 38, 43, 44, 47, 50, 51, 53, 58, 63, 66, 67, 68, 69, 80, 81, 87, 88, 89, 90, 91, 92, 93, 94, 97, 98], "excluded_lines": []}, "lexiflux/ebook/book_plain_text.py": {"executed_lines": [1, 2, 3, 4, 5, 7, 8, 9, 11, 14, 15, 17, 18, 19, 20, 21, 22, 23, 24, 25, 26, 27, 28, 29, 31, 32, 34, 42, 43, 44, 46, 48, 49, 51, 58, 59, 60, 63, 65, 77, 79, 80, 81, 82, 83, 84, 85, 86, 87, 89, 90, 92, 94, 95, 96, 103, 104, 106, 107, 108, 110, 111, 113, 114, 116, 125, 129, 133, 137, 143, 145, 152, 153, 156, 159, 161, 162, 164, 165, 166, 167, 169, 174, 176, 177, 178, 179, 180, 181, 184, 189, 190, 191, 193, 194, 195, 197, 199, 205, 206, 207, 209, 211, 216, 217, 218, 225, 226, 238], "summary": {"covered_lines": 107, "num_statements": 126, "percent_covered": 84.92063492063492, "percent_covered_display": "85", "missing_lines": 19, "excluded_lines": 0}, "missing_lines": [61, 62, 67, 68, 69, 70, 73, 187, 208, 227, 228, 229, 230, 232, 233, 234, 235, 236, 237], "excluded_lines": []}, "lexiflux/ebook/headings.py": {"executed_lines": [1, 2, 3, 4, 7, 10, 11, 13, 18, 19, 20, 21, 22, 29, 30, 32, 36, 37, 38, 39, 40, 50, 71, 72, 82, 98, 99, 100, 101, 103, 107, 110, 115, 130, 132, 133, 134, 135], "summary": {"covered_lines": 36, "num_statements": 36, "percent_covered": 100.0, "percent_covered_display": "100", "missing_lines": 0, "excluded_lines": 0}, "missing_lines": [], "excluded_lines": []}, "lexiflux/language/google_languages.py": {"executed_lines": [1, 2, 4, 6, 12, 14, 15, 18, 19, 20, 21, 24, 30], "summary": {"covered_lines": 12, "num_statements": 12, "percent_covered": 100.0, "percent_covered_display": "100", "missing_lines": 0, "excluded_lines": 0}, "missing_lines": [], "excluded_lines": []}, "lexiflux/language/translation.py": {"executed_lines": [1, 2, 3, 4, 5, 7, 8, 10, 12, 15, 16, 18, 26, 27, 32, 33, 40, 42, 43, 44, 45, 46, 58, 66, 67, 68, 69, 70, 71, 72, 74, 75, 78], "summary": {"covered_lines": 31, "num_statements": 47, "percent_covered": 65.95744680851064, "percent_covered_display": "66", "missing_lines": 16, "excluded_lines": 0}, "missing_lines": [20, 21, 22, 23, 24, 29, 35, 36, 37, 47, 48, 52, 53, 54, 55, 79], "excluded_lines": []}, "lexiflux/models.py": {"executed_lines": [1, 2, 3, 4, 6, 7, 8, 9, 11, 14, 25, 26, 28, 29, 31, 33, 38, 39, 41, 43, 48, 49, 51, 59, 60, 61, 65, 66, 67, 68, 70, 71, 77, 78, 82, 83, 87, 105, 111, 116, 117, 119, 120, 122, 127, 128, 130, 131, 132, 134, 135, 137, 138, 140, 145, 146, 148, 151, 154, 157, 158, 164, 167, 168, 169, 170, 171, 177, 178, 208, 209, 211, 214, 215, 217, 220, 221, 222, 223, 225, 226, 228], "summary": {"covered_lines": 70, "num_statements": 104, "percent_covered": 67.3076923076923, "percent_covered_display": "67", "missing_lines": 34, "excluded_lines": 0}, "missing_lines": [16, 17, 18, 35, 45, 73, 74, 75, 80, 85, 89, 94, 95, 97, 98, 99, 100, 101, 103, 107, 108, 109, 113, 124, 142, 182, 192, 193, 194, 195, 198, 201, 204, 206], "excluded_lines": []}, "lexiflux/settings.py": {"executed_lines": [], "summary": {"covered_lines": 0, "num_statements": 0, "percent_covered": 100.0, "percent_covered_display": "100", "missing_lines": 0, "excluded_lines": 0}, "missing_lines": [], "excluded_lines": []}, "lexiflux/signals.py": {"executed_lines": [1, 2, 4, 5, 6, 8, 10, 13, 14, 25, 26], "summary": {"covered_lines": 10, "num_statements": 13, "percent_covered": 76.92307692307692, "percent_covered_display": "77", "missing_lines": 3, "excluded_lines": 0}, "missing_lines": [21, 22, 32], "excluded_lines": []}, "lexiflux/tests.py": {"executed_lines": [], "summary": {"covered_lines": 0, "num_statements": 0, "percent_covered": 100.0, "percent_covered_display": "100", "missing_lines": 0, "excluded_lines": 0}, "missing_lines": [], "excluded_lines": []}, "lexiflux/urls.py": {"executed_lines": [], "summary": {"covered_lines": 0, "num_statements": 3, "percent_covered": 0.0, "percent_covered_display": "0", "missing_lines": 3, "excluded_lines": 0}, "missing_lines": [2, 4, 6], "excluded_lines": []}, "lexiflux/utils.py": {"executed_lines": [], "summary": {"covered_lines": 0, "num_statements": 8, "percent_covered": 0.0, "percent_covered_display": "0", "missing_lines": 8, "excluded_lines": 0}, "missing_lines": [2, 4, 7, 9, 10, 11, 12, 15], "excluded_lines": []}, "lexiflux/views.py": {"executed_lines": [], "summary": {"covered_lines": 0, "num_statements": 126, "percent_covered": 0.0, "percent_covered_display": "0", "missing_lines": 126, "excluded_lines": 0}, "missing_lines": [2, 3, 4, 5, 6, 7, 8, 9, 11, 12, 14, 17, 19, 20, 21, 22, 23, 24, 26, 27, 28, 29, 32, 34, 37, 39, 42, 43, 48, 49, 50, 52, 54, 55, 56, 58, 60, 61, 62, 64, 65, 67, 78, 79, 84, 85, 86, 87, 88, 89, 90, 91, 92, 93, 94, 95, 105, 116, 117, 119, 120, 121, 122, 123, 124, 126, 127, 129, 132, 135, 136, 138, 139, 140, 141, 146, 147, 148, 149, 150, 151, 152, 155, 156, 159, 162, 163, 165, 167, 170, 176, 187, 188, 190, 191, 192, 193, 194, 195, 199, 202, 203, 204, 206, 208, 209, 210, 212, 213, 214, 215, 216, 217, 219, 220, 221, 223, 231, 234, 235, 237, 238, 240, 241, 244, 250], "excluded_lines": []}}, "totals": {"covered_lines": 327, "num_statements": 604, "percent_covered": 54.13907284768212, "percent_covered_display": "54", "missing_lines": 277, "excluded_lines": 0}}, "coverage_path": "."}