{"coverage": 39.46053946053946, "raw_data": {"meta": {"format": 2, "version": "7.5.4", "timestamp": "2024-07-03T06:25:45.959695", "branch_coverage": false, "show_contexts": false}, "files": {"lexiflux/api.py": {"executed_lines": [1, 3, 4, 5, 7, 8, 11, 13, 16, 17, 19, 20, 22, 23, 26, 29, 30, 31, 41, 43], "summary": {"covered_lines": 17, "num_statements": 24, "percent_covered": 70.83333333333333, "percent_covered_display": "71", "missing_lines": 7, "excluded_lines": 0}, "missing_lines": [32, 34, 35, 36, 37, 38, 39], "excluded_lines": []}, "lexiflux/apps.py": {"executed_lines": [1, 3, 5, 6, 7, 10, 11, 13, 14, 16, 18, 20, 21, 23, 24, 28], "summary": {"covered_lines": 14, "num_statements": 14, "percent_covered": 100.0, "percent_covered_display": "100", "missing_lines": 0, "excluded_lines": 0}, "missing_lines": [], "excluded_lines": []}, "lexiflux/ebook/book_base.py": {"executed_lines": [1, 3, 4, 5, 7, 9, 10, 11, 12, 14, 17, 18, 20, 21, 22, 23, 24, 27, 28, 30, 31, 33, 34, 42, 46, 53, 94, 109, 111, 112, 114, 115, 117, 118, 121, 122, 125, 126, 128, 129, 130, 135, 137, 138], "summary": {"covered_lines": 41, "num_statements": 72, "percent_covered": 56.94444444444444, "percent_covered_display": "57", "missing_lines": 31, "excluded_lines": 0}, "missing_lines": [36, 37, 44, 51, 58, 61, 62, 63, 64, 67, 70, 72, 73, 74, 77, 80, 83, 84, 88, 90, 91, 92, 96, 97, 101, 102, 104, 105, 106, 131, 132], "excluded_lines": []}, "lexiflux/ebook/book_epub.py": {"executed_lines": [1, 3, 4, 5, 7, 8, 10, 13, 16, 17, 19, 20, 21, 23, 42, 63, 92, 97, 103, 104, 106, 107, 108, 109, 110, 112, 113, 118, 121, 125, 126, 127, 128, 129, 130, 132, 133, 136, 141, 142, 143, 144, 145, 146, 147, 150, 158, 159, 160, 161, 162, 163, 164, 165, 166, 167, 168, 169, 175], "summary": {"covered_lines": 57, "num_statements": 92, "percent_covered": 61.95652173913044, "percent_covered_display": "62", "missing_lines": 35, "excluded_lines": 0}, "missing_lines": [28, 29, 31, 32, 33, 40, 49, 50, 55, 56, 57, 58, 61, 68, 69, 70, 71, 72, 73, 82, 83, 84, 85, 86, 87, 88, 94, 111, 114, 115, 116, 170, 176, 177, 178], "excluded_lines": []}, "lexiflux/ebook/book_plain_text.py": {"executed_lines": [1, 3, 4, 5, 6, 8, 9, 10, 11, 13, 16, 17, 19, 20, 21, 22, 23, 24, 25, 26, 28, 29, 31, 39, 40, 41, 48, 62, 64, 65, 77, 101, 102, 109, 110, 116, 147, 161], "summary": {"covered_lines": 36, "num_statements": 111, "percent_covered": 32.432432432432435, "percent_covered_display": "32", "missing_lines": 75, "excluded_lines": 0}, "missing_lines": [43, 45, 46, 55, 56, 57, 58, 59, 60, 66, 67, 68, 69, 70, 71, 72, 74, 75, 79, 80, 81, 88, 89, 91, 92, 93, 95, 96, 98, 99, 104, 105, 106, 107, 112, 113, 114, 121, 122, 124, 125, 126, 127, 128, 129, 132, 135, 139, 140, 141, 143, 144, 145, 149, 155, 156, 157, 158, 159, 166, 167, 168, 175, 176, 177, 178, 179, 180, 182, 183, 184, 185, 186, 187, 188], "excluded_lines": []}, "lexiflux/ebook/headings.py": {"executed_lines": [1, 3, 4, 5, 8, 11, 12, 14, 33, 131, 133, 134, 135, 136], "summary": {"covered_lines": 12, "num_statements": 36, "percent_covered": 33.333333333333336, "percent_covered_display": "33", "missing_lines": 24, "excluded_lines": 0}, "missing_lines": [19, 20, 21, 22, 23, 30, 31, 37, 38, 39, 40, 41, 51, 72, 73, 83, 99, 100, 101, 102, 104, 108, 111, 116], "excluded_lines": []}, "lexiflux/ebook/page_splitter.py": {"executed_lines": [1, 3, 4, 7, 8, 10, 11, 12, 13, 14, 16, 21, 33, 60, 80], "summary": {"covered_lines": 13, "num_statements": 37, "percent_covered": 35.13513513513514, "percent_covered_display": "35", "missing_lines": 24, "excluded_lines": 0}, "missing_lines": [17, 18, 19, 23, 24, 25, 26, 29, 42, 46, 50, 54, 62, 70, 71, 74, 75, 78, 82, 83, 85, 89, 90, 92], "excluded_lines": []}, "lexiflux/forms.py": {"executed_lines": [], "summary": {"covered_lines": 0, "num_statements": 21, "percent_covered": 0.0, "percent_covered_display": "0", "missing_lines": 21, "excluded_lines": 0}, "missing_lines": [3, 5, 6, 9, 12, 13, 14, 16, 17, 18, 19, 21, 22, 23, 26, 27, 28, 29, 30, 31, 33], "excluded_lines": []}, "lexiflux/language/google_languages.py": {"executed_lines": [1, 3, 5, 7, 13, 15, 16, 19, 20, 21, 22, 25, 31], "summary": {"covered_lines": 12, "num_statements": 12, "percent_covered": 100.0, "percent_covered_display": "100", "missing_lines": 0, "excluded_lines": 0}, "missing_lines": [], "excluded_lines": []}, "lexiflux/language/translation.py": {"executed_lines": [1, 3, 4, 5, 6, 8, 9, 11, 13, 16, 17, 19, 27, 28, 33, 34, 41, 43, 44, 45, 48, 49, 53, 54, 55, 56, 59, 81], "summary": {"covered_lines": 25, "num_statements": 45, "percent_covered": 55.55555555555556, "percent_covered_display": "56", "missing_lines": 20, "excluded_lines": 2}, "missing_lines": [21, 22, 23, 24, 25, 30, 36, 37, 38, 46, 47, 69, 70, 71, 72, 73, 74, 75, 77, 78], "excluded_lines": [81, 82]}, "lexiflux/llm.py": {"executed_lines": [], "summary": {"covered_lines": 0, "num_statements": 125, "percent_covered": 0.0, "percent_covered_display": "0", "missing_lines": 125, "excluded_lines": 0}, "missing_lines": [3, 4, 5, 6, 8, 9, 10, 11, 12, 13, 16, 19, 20, 23, 26, 28, 30, 31, 32, 34, 39, 40, 41, 42, 43, 44, 47, 50, 51, 52, 53, 54, 55, 56, 57, 58, 59, 60, 62, 63, 64, 65, 66, 68, 69, 72, 75, 76, 77, 78, 81, 82, 83, 86, 89, 90, 91, 92, 93, 94, 95, 96, 97, 98, 101, 104, 106, 107, 110, 111, 113, 120, 122, 125, 127, 128, 134, 136, 137, 138, 139, 140, 142, 150, 154, 168, 172, 187, 191, 211, 215, 238, 242, 250, 251, 258, 259, 261, 282, 285, 286, 290, 291, 292, 294, 295, 297, 298, 305, 306, 307, 309, 310, 312, 313, 314, 315, 317, 318, 322, 324, 326, 328, 332, 334], "excluded_lines": []}, "lexiflux/models.py": {"executed_lines": [1, 3, 4, 5, 7, 8, 9, 10, 11, 12, 13, 14, 16, 19, 21, 31, 32, 35, 46, 47, 49, 50, 52, 54, 59, 60, 62, 64, 69, 70, 72, 80, 81, 82, 86, 87, 88, 89, 91, 92, 100, 101, 105, 106, 110, 133, 144, 149, 150, 152, 153, 155, 160, 161, 163, 164, 165, 167, 168, 169, 171, 174, 175, 184, 192, 197, 198, 206, 207, 209, 212, 213, 214, 216, 217, 219, 230, 235, 236, 238, 241, 248, 251, 252, 254, 259, 260, 265, 268, 269, 270, 271, 272, 276, 281, 282, 311, 312, 314, 317, 318, 320, 325, 326, 327, 328, 330, 331, 333], "summary": {"covered_lines": 97, "num_statements": 163, "percent_covered": 59.50920245398773, "percent_covered_display": "60", "missing_lines": 66, "excluded_lines": 0}, "missing_lines": [37, 38, 39, 56, 66, 98, 103, 108, 112, 118, 119, 122, 125, 126, 127, 128, 129, 131, 134, 135, 136, 137, 138, 140, 142, 146, 157, 172, 177, 178, 179, 180, 181, 182, 185, 186, 187, 188, 189, 190, 194, 200, 201, 202, 203, 220, 221, 222, 223, 224, 225, 226, 227, 228, 231, 232, 256, 286, 296, 297, 298, 299, 302, 306, 307, 309], "excluded_lines": []}, "lexiflux/settings.py": {"executed_lines": [], "summary": {"covered_lines": 0, "num_statements": 0, "percent_covered": 100.0, "percent_covered_display": "100", "missing_lines": 0, "excluded_lines": 0}, "missing_lines": [], "excluded_lines": []}, "lexiflux/signals.py": {"executed_lines": [1, 3, 5, 6, 7, 9, 11, 13, 32, 33, 54, 55], "summary": {"covered_lines": 11, "num_statements": 16, "percent_covered": 68.75, "percent_covered_display": "69", "missing_lines": 5, "excluded_lines": 0}, "missing_lines": [40, 41, 43, 44, 61], "excluded_lines": []}, "lexiflux/tests.py": {"executed_lines": [], "summary": {"covered_lines": 0, "num_statements": 0, "percent_covered": 100.0, "percent_covered_display": "100", "missing_lines": 0, "excluded_lines": 0}, "missing_lines": [], "excluded_lines": []}, "lexiflux/urls.py": {"executed_lines": [], "summary": {"covered_lines": 0, "num_statements": 3, "percent_covered": 0.0, "percent_covered_display": "0", "missing_lines": 3, "excluded_lines": 0}, "missing_lines": [3, 5, 7], "excluded_lines": []}, "lexiflux/utils.py": {"executed_lines": [1, 3, 5, 8, 10, 11, 12, 13, 16], "summary": {"covered_lines": 8, "num_statements": 8, "percent_covered": 100.0, "percent_covered_display": "100", "missing_lines": 0, "excluded_lines": 0}, "missing_lines": [], "excluded_lines": []},