{"coverage": 79.23250564334086, "raw_data": {"meta": {"format": 2, "version": "7.5.4", "timestamp": "2024-07-02T10:46:39.803659", "branch_coverage": false, "show_contexts": false}, "files": {"lexiflux/api.py": {"executed_lines": [1, 3, 4, 5, 7, 8, 11, 13, 16, 17, 19, 20, 22, 23, 26, 29, 30, 31, 32, 34, 35, 36, 41, 43], "summary": {"covered_lines": 21, "num_statements": 24, "percent_covered": 87.5, "percent_covered_display": "88", "missing_lines": 3, "excluded_lines": 0}, "missing_lines": [37, 38, 39], "excluded_lines": []}, "lexiflux/apps.py": {"executed_lines": [1, 3, 5, 6, 7, 10, 11, 13, 14, 16, 18, 20, 21, 23, 24, 28], "summary": {"covered_lines": 14, "num_statements": 14, "percent_covered": 100.0, "percent_covered_display": "100", "missing_lines": 0, "excluded_lines": 0}, "missing_lines": [], "excluded_lines": []}, "lexiflux/ebook/book_base.py": {"executed_lines": [1, 3, 4, 5, 7, 9, 10, 11, 12, 14, 17, 18, 20, 21, 22, 23, 24, 27, 28, 30, 31, 33, 34, 36, 37, 42, 46, 53, 58, 61, 62, 63, 64, 67, 70, 72, 73, 74, 77, 80, 83, 84, 88, 90, 91, 94, 96, 97, 101, 102, 104, 105, 106, 109, 111, 112, 114, 115, 117, 118, 121, 122, 125, 126, 128, 129, 130, 135, 137, 138], "summary": {"covered_lines": 67, "num_statements": 72, "percent_covered": 93.05555555555556, "percent_covered_display": "93", "missing_lines": 5, "excluded_lines": 0}, "missing_lines": [44, 51, 92, 131, 132], "excluded_lines": []}, "lexiflux/ebook/book_epub.py": {"executed_lines": [1, 3, 4, 5, 7, 8, 10, 13, 16, 17, 19, 20, 21, 23, 28, 29, 31, 32, 33, 40, 42, 49, 50, 55, 56, 57, 58, 61, 63, 68, 69, 70, 71, 72, 73, 82, 83, 84, 85, 86, 87, 88, 92, 97, 103, 104, 106, 107, 108, 109, 110, 112, 113, 118, 121, 125, 126, 127, 128, 129, 130, 132, 133, 136, 141, 142, 143, 144, 145, 146, 147, 150, 158, 159, 160, 161, 162, 163, 164, 165, 166, 167, 168, 169, 170, 175], "summary": {"covered_lines": 84, "num_statements": 92, "percent_covered": 91.30434782608695, "percent_covered_display": "91", "missing_lines": 8, "excluded_lines": 0}, "missing_lines": [94, 111, 114, 115, 116, 176, 177, 178], "excluded_lines": []}, "lexiflux/ebook/book_plain_text.py": {"executed_lines": [1, 3, 4, 5, 6, 8, 9, 10, 11, 13, 16, 17, 19, 20, 21, 22, 23, 24, 25, 26, 28, 29, 31, 39, 40, 41, 43, 45, 46, 48, 55, 56, 57, 60, 62, 64, 65, 66, 67, 68, 69, 70, 71, 72, 74, 75, 77, 79, 80, 81, 88, 89, 91, 92, 93, 95, 96, 98, 99, 101, 102, 104, 105, 106, 107, 109, 110, 116, 121, 122, 124, 125, 126, 127, 128, 129, 132, 139, 140, 141, 143, 144, 145, 147, 149, 155, 156, 157, 158, 159, 161, 166, 167, 168, 175, 176, 177, 178, 179, 180, 183, 184, 185, 186, 187, 188], "summary": {"covered_lines": 104, "num_statements": 111, "percent_covered": 93.69369369369369, "percent_covered_display": "94", "missing_lines": 7, "excluded_lines": 0}, "missing_lines": [58, 59, 112, 113, 114, 135, 182], "excluded_lines": []}, "lexiflux/ebook/headings.py": {"executed_lines": [1, 3, 4, 5, 8, 11, 12, 14, 19, 20, 21, 22, 23, 30, 31, 33, 37, 38, 39, 40, 41, 51, 72, 73, 83, 99, 100, 101, 102, 104, 108, 111, 116, 131, 133, 134, 135, 136], "summary": {"covered_lines": 36, "num_statements": 36, "percent_covered": 100.0, "percent_covered_display": "100", "missing_lines": 0, "excluded_lines": 0}, "missing_lines": [], "excluded_lines": []}, "lexiflux/ebook/page_splitter.py": {"executed_lines": [1, 3, 4, 7, 8, 10, 11, 12, 13, 14, 16, 17, 18, 19, 21, 33, 42, 46, 50, 54, 60, 62, 70, 71, 74, 75, 78, 80, 82, 83, 85, 89, 90, 92], "summary": {"covered_lines": 32, "num_statements": 37, "percent_covered": 86.48648648648648, "percent_covered_display": "86", "missing_lines": 5, "excluded_lines": 0}, "missing_lines": [23, 24, 25, 26, 29], "excluded_lines": []}, "lexiflux/language/google_languages.py": {"executed_lines": [1, 3, 5, 7, 13, 15, 16, 19, 20, 21, 22, 25, 31], "summary": {"covered_lines": 12, "num_statements": 12, "percent_covered": 100.0, "percent_covered_display": "100", "missing_lines": 0, "excluded_lines": 0}, "missing_lines": [], "excluded_lines": []}, "lexiflux/language/translation.py": {"executed_lines": [1, 3, 4, 5, 6, 8, 9, 11, 13, 16, 17, 19, 21, 22, 23, 24, 25, 27, 28, 30, 33, 34, 36, 37, 38, 41, 43, 44, 45, 46, 47, 48, 49, 53, 54, 55, 56, 59, 69, 70, 71, 72, 73, 74, 75, 77, 78, 81], "summary": {"covered_lines": 45, "num_statements": 45, "percent_covered": 100.0, "percent_covered_display": "100", "missing_lines": 0, "excluded_lines": 2}, "missing_lines": [], "excluded_lines": [81, 82]}, "lexiflux/llm.py": {"executed_lines": [], "summary": {"covered_lines": 0, "num_statements": 125, "percent_covered": 0.0, "percent_covered_display": "0", "missing_lines": 125, "excluded_lines": 0}, "missing_lines": [3, 4, 5, 6, 8, 9, 10, 11, 12, 13, 16, 19, 20, 23, 26, 28, 30, 31, 32, 34, 39, 40, 41, 42, 43, 44, 47, 50, 51, 52, 53, 54, 55, 56, 57, 58, 59, 60, 62, 63, 64, 65, 66, 68, 69, 72, 75, 76, 77, 78, 81, 82, 83, 86, 89, 90, 91, 92, 93, 94, 95, 96, 97, 98, 101, 104, 106, 107, 110, 111, 113, 120, 122, 125, 127, 128, 134, 136, 137, 138, 139, 140, 142, 150, 154, 168, 172, 187, 191, 211, 215, 238, 242, 250, 251, 258, 259, 261, 282, 285, 286, 290, 291, 292, 294, 295, 297, 298, 305, 306, 307, 309, 310, 312, 313, 314, 315, 317, 318, 322, 324, 326, 328, 332, 334], "excluded_lines": []}, "lexiflux/models.py": {"executed_lines": [1, 3, 4, 5, 7, 8, 9, 10, 11, 12, 13, 15, 18, 20, 21, 24, 26, 27, 28, 35, 36, 38, 39, 41, 43, 48, 49, 51, 53, 58, 59, 61, 69, 70, 71, 75, 76, 77, 78, 80, 81, 87, 89, 90, 92, 94, 95, 97, 99, 101, 107, 111, 114, 115, 116, 120, 122, 123, 124, 125, 126, 127, 129, 131, 133, 138, 139, 141, 142, 144, 149, 150, 152, 153, 154, 156, 157, 158, 160, 163, 164, 166, 167, 168, 169, 170, 171, 173, 174, 175, 176, 177, 178, 179, 181, 183, 186, 187, 189, 195, 196, 198, 201, 208, 211, 212, 217, 220, 221, 222, 223, 224, 228, 233, 234, 238, 248, 263, 264, 266, 269, 270, 272, 277, 278, 279, 280, 282, 283, 285], "summary": {"covered_lines": 119, "num_statements": 137, "percent_covered": 86.86131386861314, "percent_covered_display": "87", "missing_lines": 18, "excluded_lines": 0}, "missing_lines": [45, 55, 108, 117, 118, 135, 146, 161, 190, 191, 192, 249, 250, 251, 254, 258, 259, 261], "excluded_lines": []}, "lexiflux/settings.py": {"executed_lines": [], "summary": {"covered_lines": 0, "num_statements": 0, "percent_covered": 100.0, "percent_covered_display": "100", "missing_lines": 0, "excluded_lines": 0}, "missing_lines": [], "excluded_lines": []}, "lexiflux/signals.py": {"executed_lines": [1, 3, 5, 6, 7, 9, 11, 14, 15, 22, 23, 26, 27, 33], "summary": {"covered_lines": 13, "num_statements": 13, "percent_covered": 100.0, "percent_covered_display": "100", "missing_lines": 0, "excluded_lines": 0}, "missing_lines": [], "excluded_lines": []}, "lexiflux/tests.py": {"executed_lines": [], "summary": {"covered_lines": 0, "num_statements": 0, "percent_covered": 100.0, "percent_covered_display": "100", "missing_lines": 0, "excluded_lines": 0}, "missing_lines": [], "excluded_lines": []}, "lexiflux/urls.py": {"executed_lines": [1, 3, 5, 7], "summary": {"covered_lines": 3, "num_statements": 3, "percent_covered": 100.0, "percent_covered_display": "100", "missing_lines": 0, "excluded_lines": 0}, "missing_lines": [], "excluded_lines": []}, "lexiflux/utils.py": {"executed_lines": [1, 3, 5, 8, 10, 11, 12, 13, 16], "summary": {"covered_lines": 8, "num_statements": 8, "percent_covered": 100.0, "percent_covered_display": "100", "missing_lines": 0, "excluded_lines": 0}, "missing_lines": [], "excluded_lines": []},