{"coverage": 70.82352941176471, "raw_data": {"meta": {"version": "7.3.4", "timestamp": "2023-12-27T07:26:11.503241", "branch_coverage": false, "show_contexts": false}, "files": {"lexiflux/apps.py": {"executed_lines": [1, 2, 4, 5, 6, 9, 10, 12, 13, 15, 17, 19, 20, 22, 23, 27], "summary": {"covered_lines": 14, "num_statements": 14, "percent_covered": 100.0, "percent_covered_display": "100", "missing_lines": 0, "excluded_lines": 0}, "missing_lines": [], "excluded_lines": []}, "lexiflux/ebook/book_plain_text.py": {"executed_lines": [1, 2, 3, 4, 5, 6, 8, 10, 11, 13, 16, 17, 19, 20, 21, 22, 23, 26, 27, 29, 30, 31, 32, 33, 34, 35, 36, 37, 38, 39, 40, 41, 43, 44, 45, 47, 55, 56, 57, 58, 60, 62, 63, 65, 72, 73, 74, 77, 79, 91, 93, 94, 95, 96, 97, 98, 99, 100, 101, 103, 104, 106, 108, 115, 116, 117, 119, 121, 122, 123, 130, 131, 133, 134, 135, 137, 138, 140, 141, 143, 144, 146, 147, 152, 157, 160, 161, 162, 163, 166, 169, 171, 172, 173, 176, 179, 182, 183, 187, 189, 190, 193, 202, 206, 210, 214, 220, 222, 229, 230, 233, 236, 238, 239, 241, 242, 243, 244, 246, 251, 253, 254, 255, 256, 257, 258, 261, 268, 269, 270, 272, 273, 274, 276, 278, 284, 285, 286, 288, 290, 295, 296, 297, 304, 305, 317], "summary": {"covered_lines": 143, "num_statements": 165, "percent_covered": 86.66666666666667, "percent_covered_display": "87", "missing_lines": 22, "excluded_lines": 0}, "missing_lines": [75, 76, 81, 82, 83, 84, 87, 109, 113, 191, 264, 287, 306, 307, 308, 309, 311, 312, 313, 314, 315, 316], "excluded_lines": []}, "lexiflux/ebook/book_processor.py": {"executed_lines": [1, 2, 3, 6, 7, 9, 15, 16, 17, 18, 21, 30, 31, 33, 37, 38, 39, 40, 41, 51, 72, 73, 83, 99, 100, 101, 102, 104, 108, 111, 116, 131, 133, 134, 135, 136], "summary": {"covered_lines": 34, "num_statements": 34, "percent_covered": 100.0, "percent_covered_display": "100", "missing_lines": 0, "excluded_lines": 0}, "missing_lines": [], "excluded_lines": []}, "lexiflux/language/google_languages.py": {"executed_lines": [1, 2, 4, 6, 12, 14, 15, 18, 19, 20, 21, 24, 30], "summary": {"covered_lines": 12, "num_statements": 12, "percent_covered": 100.0, "percent_covered_display": "100", "missing_lines": 0, "excluded_lines": 0}, "missing_lines": [], "excluded_lines": []}, "lexiflux/language/translation.py": {"executed_lines": [1, 2, 3, 4, 5, 7, 8, 10, 12, 15, 16, 18, 26, 27, 32, 33, 40, 42, 43, 44, 45, 46, 58, 66, 67, 68, 69, 70, 71, 72, 74, 75, 78], "summary": {"covered_lines": 31, "num_statements": 47, "percent_covered": 65.95744680851064, "percent_covered_display": "66", "missing_lines": 16, "excluded_lines": 0}, "missing_lines": [20, 21, 22, 23, 24, 29, 35, 36, 37, 47, 48, 52, 53, 54, 55, 79], "excluded_lines": []}, "lexiflux/models.py": {"executed_lines": [1, 2, 3, 5, 6, 7, 9, 12, 13, 15, 16, 18, 20, 25, 26, 28, 30, 35, 36, 38, 39, 40, 45, 53, 54, 58, 59, 60, 61, 63, 67, 71, 72, 76, 81, 82, 84, 85, 87, 92, 93, 95, 96, 97, 99, 100, 102, 103, 105, 110, 111, 113, 114, 117, 120, 121, 123, 126, 127, 128, 130, 132, 133, 149, 157, 158, 160], "summary": {"covered_lines": 57, "num_statements": 72, "percent_covered": 79.16666666666667, "percent_covered_display": "79", "missing_lines": 15, "excluded_lines": 0}, "missing_lines": [22, 32, 65, 69, 74, 78, 89, 107, 137, 141, 144, 145, 146, 147, 151], "excluded_lines": []}, "lexiflux/settings.py": {"executed_lines": [], "summary": {"covered_lines": 0, "num_statements": 0, "percent_covered": 100.0, "percent_covered_display": "100", "missing_lines": 0, "excluded_lines": 0}, "missing_lines": [], "excluded_lines": []}, "lexiflux/signals.py": {"executed_lines": [1, 2, 4, 5, 6, 8, 10, 13, 14, 22, 23], "summary": {"covered_lines": 10, "num_statements": 13, "percent_covered": 76.92307692307692, "percent_covered_display": "77", "missing_lines": 3, "excluded_lines": 0}, "missing_lines": [18, 19, 27], "excluded_lines": []}, "lexiflux/tests.py": {"executed_lines": [], "summary": {"covered_lines": 0, "num_statements": 0, "percent_covered": 100.0, "percent_covered_display": "100", "missing_lines": 0, "excluded_lines": 0}, "missing_lines": [], "excluded_lines": []}, "lexiflux/urls.py": {"executed_lines": [], "summary": {"covered_lines": 0, "num_statements": 3, "percent_covered": 0.0, "percent_covered_display": "0", "missing_lines": 3, "excluded_lines": 0}, "missing_lines": [2, 4, 6], "excluded_lines": []}, "lexiflux/views.py": {"executed_lines": [], "summary": {"covered_lines": 0, "num_statements": 65, "percent_covered": 0.0, "percent_covered_display": "0", "missing_lines": 65, "excluded_lines": 0}, "missing_lines": [2, 3, 4, 5, 6, 8, 10, 13, 14, 16, 17, 18, 19, 30, 31, 33, 34, 35, 36, 37, 38, 39, 40, 41, 51, 63, 64, 66, 67, 68, 69, 70, 71, 73, 76, 79, 80, 82, 83, 84, 85, 90, 91, 92, 93, 94, 95, 96, 99, 100, 103, 106, 107, 109, 111, 123, 126, 128, 129, 130, 131, 133, 134, 136, 138], "excluded_lines": []}}, "totals": {"covered_lines": 301, "num_statements": 425, "percent_covered": 70.82352941176471, "percent_covered_display": "71", "missing_lines": 124, "excluded_lines": 0}}, "coverage_path": "."}