{"coverage": 67.04361873990307, "raw_data": {"meta": {"format": 2, "version": "7.4.1", "timestamp": "2024-02-14T07:34:28.118257", "branch_coverage": false, "show_contexts": false}, "files": {"lexiflux/apps.py": {"executed_lines": [1, 2, 4, 5, 6, 9, 10, 12, 13, 15, 17, 19, 20, 22, 23, 27], "summary": {"covered_lines": 14, "num_statements": 14, "percent_covered": 100.0, "percent_covered_display": "100", "missing_lines": 0, "excluded_lines": 0}, "missing_lines": [], "excluded_lines": []}, "lexiflux/ebook/book_base.py": {"executed_lines": [1, 2, 3, 4, 6, 8, 9, 10, 11, 13, 16, 17, 19, 20, 21, 22, 23, 26, 27, 29, 30, 32, 33, 35, 36, 41, 45, 52, 57, 60, 61, 62, 63, 66, 69, 71, 72, 73, 76, 79, 82, 83, 87, 89, 90, 93, 95, 96, 100, 101, 103, 104, 105, 108, 110, 111, 113, 114, 116, 117, 120, 121, 124, 125, 127, 128, 129, 134, 136, 137], "summary": {"covered_lines": 67, "num_statements": 72, "percent_covered": 93.05555555555556, "percent_covered_display": "93", "missing_lines": 5, "excluded_lines": 0}, "missing_lines": [43, 50, 91, 130, 131], "excluded_lines": []}, "lexiflux/ebook/book_epub.py": {"executed_lines": [1, 2, 3, 5, 7, 10, 13, 14, 16, 17, 18, 20, 37, 58, 82, 87, 93, 94, 96, 97, 98, 99, 100, 102, 103, 108, 111, 115, 116, 117, 118, 119, 120, 122, 123], "summary": {"covered_lines": 33, "num_statements": 57, "percent_covered": 57.89473684210526, "percent_covered_display": "58", "missing_lines": 24, "excluded_lines": 0}, "missing_lines": [25, 26, 28, 29, 30, 35, 44, 45, 50, 51, 52, 53, 56, 63, 64, 65, 70, 71, 79, 84, 101, 104, 105, 106], "excluded_lines": []}, "lexiflux/ebook/book_plain_text.py": {"executed_lines": [1, 2, 3, 4, 5, 7, 8, 9, 11, 14, 15, 17, 18, 19, 20, 21, 22, 23, 24, 25, 26, 27, 28, 29, 31, 32, 34, 42, 43, 44, 46, 48, 49, 51, 58, 59, 60, 63, 65, 77, 79, 80, 81, 82, 83, 84, 85, 86, 87, 89, 90, 92, 94, 95, 96, 103, 104, 106, 107, 108, 110, 111, 113, 114, 116, 125, 129, 133, 137, 143, 145, 152, 153, 156, 159, 161, 162, 164, 165, 166, 167, 169, 174, 176, 177, 178, 179, 180, 181, 184, 189, 190, 191, 193, 194, 195, 197, 199, 205, 206, 207, 208, 209, 211, 216, 217, 218, 225, 226, 227, 228, 229, 230, 233, 234, 235, 236, 237, 238], "summary": {"covered_lines": 117, "num_statements": 126, "percent_covered": 92.85714285714286, "percent_covered_display": "93", "missing_lines": 9, "excluded_lines": 0}, "missing_lines": [61, 62, 67, 68, 69, 70, 73, 187, 232], "excluded_lines": []}, "lexiflux/ebook/headings.py": {"executed_lines": [1, 2, 3, 4, 7, 10, 11, 13, 18, 19, 20, 21, 22, 29, 30, 32, 36, 37, 38, 39, 40, 50, 71, 72, 82, 98, 99, 100, 101, 103, 107, 110, 115, 130, 132, 133, 134, 135], "summary": {"covered_lines": 36, "num_statements": 36, "percent_covered": 100.0, "percent_covered_display": "100", "missing_lines": 0, "excluded_lines": 0}, "missing_lines": [], "excluded_lines": []}, "lexiflux/language/google_languages.py": {"executed_lines": [1, 2, 4, 6, 12, 14, 15, 18, 19, 20, 21, 24, 30], "summary": {"covered_lines": 12, "num_statements": 12, "percent_covered": 100.0, "percent_covered_display": "100", "missing_lines": 0, "excluded_lines": 0}, "missing_lines": [], "excluded_lines": []}, "lexiflux/language/translation.py": {"executed_lines": [1, 2, 3, 4, 5, 7, 8, 10, 12, 15, 16, 18, 26, 27, 32, 33, 40, 42, 43, 44, 45, 46, 58, 66, 67, 68, 69, 70, 71, 72, 74, 75, 78], "summary": {"covered_lines": 31, "num_statements": 47, "percent_covered": 65.95744680851064, "percent_covered_display": "66", "missing_lines": 16, "excluded_lines": 0}, "missing_lines": [20, 21, 22, 23, 24, 29, 35, 36, 37, 47, 48, 52, 53, 54, 55, 79], "excluded_lines": []}, "lexiflux/models.py": {"executed_lines": [1, 2, 3, 4, 6, 7, 8, 9, 11, 14, 15, 18, 20, 21, 22, 29, 30, 32, 33, 35, 37, 42, 43, 45, 47, 52, 53, 55, 63, 64, 65, 69, 70, 71, 72, 74, 75, 81, 83, 84, 86, 88, 89, 93, 95, 100, 103, 104, 105, 109, 111, 113, 114, 115, 117, 122, 123, 125, 126, 128, 133, 134, 136, 137, 138, 140, 141, 143, 144, 146, 151, 152, 154, 157, 160, 163, 164, 169, 172, 173, 174, 175, 176, 180, 185, 186, 215, 216, 218, 221, 222, 224, 227, 228, 229, 230, 232, 233, 235], "summary": {"covered_lines": 87, "num_statements": 105, "percent_covered": 82.85714285714286, "percent_covered_display": "83", "missing_lines": 18, "excluded_lines": 0}, "missing_lines": [39, 49, 91, 101, 106, 107, 119, 130, 148, 190, 200, 201, 202, 203, 206, 210, 211, 213], "excluded_lines": []}, "lexiflux/settings.py": {"executed_lines": [], "summary": {"covered_lines": 0, "num_statements": 0, "percent_covered": 100.0, "percent_covered_display": "100", "missing_lines": 0, "excluded_lines": 0}, "missing_lines": [], "excluded_lines": []}, "lexiflux/signals.py": {"executed_lines": [1, 2, 4, 5, 6, 8, 10, 13, 14, 25, 26], "summary": {"covered_lines": 10, "num_statements": 13, "percent_covered": 76.92307692307692, "percent_covered_display": "77", "missing_lines": 3, "excluded_lines": 0}, "missing_lines": [21, 22, 32], "excluded_lines": []}, "lexiflux/tests.py": {"executed_lines": [], "summary": {"covered_lines": 0, "num_statements": 0, "percent_covered": 100.0, "percent_covered_display": "100", "missing_lines": 0, "excluded_lines": 0}, "missing_lines": [], "excluded_lines": []}, "lexiflux/urls.py": {"executed_lines": [], "summary": {"covered_lines": 0, "num_statements": 3, "percent_covered": 0.0, "percent_covered_display": "0", "missing_lines": 3, "excluded_lines": 0}, "missing_lines": [2, 4, 6], "excluded_lines": []}, "lexiflux/utils.py": {"executed_lines": [1, 2, 4, 7, 9, 10, 11, 12, 15], "summary": {"covered_lines": 8, "num_statements": 8, "percent_covered": 100.0, "percent_covered_display": "100", "missing_lines": 0, "excluded_lines": 0}, "missing_lines": [], "excluded_lines": []}, "lexiflux/views.py": {"executed_lines": [], "summary": {"covered_lines": 0, "num_statements": 126, "percent_covered": 0.0, "percent_covered_display": "0", "missing_lines": 126, "excluded_lines": 0}, "missing_lines": [2, 3, 4, 5, 6, 7, 8, 9, 11, 12, 14, 17, 19, 20, 21, 22, 23, 24, 26, 27, 28, 29, 32, 34, 37, 39, 42, 43, 48, 49, 50, 52, 54, 55, 56, 58, 60, 61, 62, 64, 65, 67, 78, 79, 84, 85, 86, 87, 88, 89, 90, 91, 92, 93, 94, 95, 105, 116, 117, 119, 120, 121, 122, 123, 124, 126, 127, 129, 132, 135, 136, 138, 139, 140, 141, 146, 147, 148, 149, 150, 151, 152, 155, 156, 159, 162, 163, 165, 167, 170, 176, 187, 188, 190, 191, 192, 193, 194, 195, 199, 202, 203, 204, 206, 208, 209, 210, 212, 213, 214, 215, 216, 217, 219, 220, 221, 223, 231, 234, 235, 237, 238, 240, 241, 244, 250], "excluded_lines": []}}, "totals": {"covered_lines": 415, "num_statements": 619, "percent_covered": 67.04361873990307, "percent_covered_display": "67", "missing_lines": 204, "excluded_lines": 0}}, "coverage_path": "."}