{"coverage": 70.13888888888889, "raw_data": {"meta": {"version": "7.3.4", "timestamp": "2023-12-25T09:39:34.996762", "branch_coverage": false, "show_contexts": false}, "files": {"lexiflux/apps.py": {"executed_lines": [1, 2, 4, 5, 6, 9, 10, 12, 13, 15, 17, 19, 20, 22, 23, 27], "summary": {"covered_lines": 14, "num_statements": 14, "percent_covered": 100.0, "percent_covered_display": "100", "missing_lines": 0, "excluded_lines": 0}, "missing_lines": [], "excluded_lines": []}, "lexiflux/ebook/book_plain_text.py": {"executed_lines": [1, 2, 3, 4, 5, 6, 8, 10, 11, 12, 14, 17, 18, 20, 21, 22, 23, 24, 27, 28, 30, 31, 32, 33, 34, 35, 36, 37, 38, 39, 40, 41, 42, 44, 45, 46, 48, 56, 57, 58, 59, 61, 63, 64, 66, 73, 74, 75, 78, 80, 92, 94, 95, 96, 97, 98, 99, 100, 101, 102, 104, 105, 107, 109, 116, 117, 118, 120, 122, 123, 124, 131, 132, 134, 135, 136, 138, 139, 141, 142, 144, 145, 147, 148, 153, 158, 161, 162, 163, 164, 167, 170, 172, 173, 174, 177, 180, 183, 184, 188, 190, 191, 194, 203, 207, 211, 215, 221, 223, 230, 231, 234, 237, 239, 240, 242, 243, 244, 245, 247, 252, 254, 255, 256, 257, 258, 259, 262, 269, 270, 271, 272, 273, 274, 276, 278, 284, 285, 286, 288, 290, 295, 296, 297, 304, 305, 317, 320], "summary": {"covered_lines": 145, "num_statements": 172, "percent_covered": 84.30232558139535, "percent_covered_display": "84", "missing_lines": 27, "excluded_lines": 0}, "missing_lines": [76, 77, 82, 83, 84, 85, 88, 110, 114, 192, 265, 287, 306, 307, 308, 309, 311, 312, 313, 314, 315, 316, 322, 323, 324, 329, 330], "excluded_lines": []}, "lexiflux/ebook/book_processor.py": {"executed_lines": [1, 2, 3, 6, 7, 9, 15, 16, 17, 18, 21, 30, 31, 33, 37, 38, 39, 40, 41, 51, 72, 73, 83, 99, 100, 101, 102, 104, 108, 111, 116, 131, 133, 134, 135, 136], "summary": {"covered_lines": 34, "num_statements": 34, "percent_covered": 100.0, "percent_covered_display": "100", "missing_lines": 0, "excluded_lines": 0}, "missing_lines": [], "excluded_lines": []}, "lexiflux/language/google_languages.py": {"executed_lines": [1, 2, 4, 6, 12, 14, 15, 18, 19, 20, 21, 24, 30], "summary": {"covered_lines": 12, "num_statements": 12, "percent_covered": 100.0, "percent_covered_display": "100", "missing_lines": 0, "excluded_lines": 0}, "missing_lines": [], "excluded_lines": []}, "lexiflux/language/translation.py": {"executed_lines": [1, 2, 3, 4, 5, 7, 8, 10, 12, 15, 16, 18, 26, 27, 32, 33, 40, 42, 43, 44, 45, 46, 58, 66, 67, 68, 69, 70, 71, 72, 74, 75, 78], "summary": {"covered_lines": 31, "num_statements": 47, "percent_covered": 65.95744680851064, "percent_covered_display": "66", "missing_lines": 16, "excluded_lines": 0}, "missing_lines": [20, 21, 22, 23, 24, 29, 35, 36, 37, 47, 48, 52, 53, 54, 55, 79], "excluded_lines": []}, "lexiflux/models.py": {"executed_lines": [1, 2, 3, 5, 6, 7, 9, 12, 13, 15, 16, 18, 20, 25, 26, 28, 30, 35, 36, 38, 39, 40, 41, 47, 48, 52, 53, 54, 55, 57, 61, 65, 66, 70, 75, 76, 78, 79, 81, 86, 87, 89, 90, 91, 93, 94, 96, 97, 99, 104, 105, 107, 108, 111, 114, 115, 117, 120, 121, 122, 124, 126, 127, 143, 151, 152, 154], "summary": {"covered_lines": 57, "num_statements": 72, "percent_covered": 79.16666666666667, "percent_covered_display": "79", "missing_lines": 15, "excluded_lines": 0}, "missing_lines": [22, 32, 59, 63, 68, 72, 83, 101, 131, 135, 138, 139, 140, 141, 145], "excluded_lines": []}, "lexiflux/settings.py": {"executed_lines": [], "summary": {"covered_lines": 0, "num_statements": 0, "percent_covered": 100.0, "percent_covered_display": "100", "missing_lines": 0, "excluded_lines": 0}, "missing_lines": [], "excluded_lines": []}, "lexiflux/signals.py": {"executed_lines": [1, 2, 4, 5, 6, 8, 10, 13, 14, 22, 23], "summary": {"covered_lines": 10, "num_statements": 13, "percent_covered": 76.92307692307692, "percent_covered_display": "77", "missing_lines": 3, "excluded_lines": 0}, "missing_lines": [18, 19, 27], "excluded_lines": []}, "lexiflux/tests.py": {"executed_lines": [], "summary": {"covered_lines": 0, "num_statements": 0, "percent_covered": 100.0, "percent_covered_display": "100", "missing_lines": 0, "excluded_lines": 0}, "missing_lines": [], "excluded_lines": []}, "lexiflux/urls.py": {"executed_lines": [], "summary": {"covered_lines": 0, "num_statements": 3, "percent_covered": 0.0, "percent_covered_display": "0", "missing_lines": 3, "excluded_lines": 0}, "missing_lines": [2, 4, 6], "excluded_lines": []}, "lexiflux/views.py": {"executed_lines": [], "summary": {"covered_lines": 0, "num_statements": 65, "percent_covered": 0.0, "percent_covered_display": "0", "missing_lines": 65, "excluded_lines": 0}, "missing_lines": [2, 3, 4, 5, 6, 8, 10, 13, 14, 16, 17, 18, 19, 30, 31, 33, 34, 35, 36, 37, 38, 39, 40, 41, 51, 63, 64, 66, 67, 68, 69, 70, 71, 73, 76, 79, 80, 82, 83, 84, 85, 90, 91, 92, 93, 94, 95, 96, 99, 100, 103, 106, 107, 109, 111, 123, 126, 128, 129, 130, 131, 133, 134, 136, 138], "excluded_lines": []}}, "totals": {"covered_lines": 303, "num_statements": 432, "percent_covered": 70.13888888888889, "percent_covered_display": "70", "missing_lines": 129, "excluded_lines": 0}}, "coverage_path": "."}