{"coverage": 60.61776061776062, "raw_data": {"meta": {"format": 2, "version": "7.4.1", "timestamp": "2024-02-07T07:52:39.893865", "branch_coverage": false, "show_contexts": false}, "files": {"lexiflux/apps.py": {"executed_lines": [1, 2, 4, 5, 6, 9, 10, 12, 13, 15, 17, 19, 20, 22, 23, 27], "summary": {"covered_lines": 14, "num_statements": 14, "percent_covered": 100.0, "percent_covered_display": "100", "missing_lines": 0, "excluded_lines": 0}, "missing_lines": [], "excluded_lines": []}, "lexiflux/ebook/book_plain_text.py": {"executed_lines": [1, 2, 3, 4, 5, 6, 8, 10, 11, 13, 16, 17, 19, 20, 21, 22, 23, 26, 27, 29, 30, 31, 32, 33, 34, 35, 36, 37, 38, 39, 40, 41, 43, 44, 45, 47, 55, 56, 57, 58, 60, 62, 63, 65, 72, 73, 74, 77, 79, 91, 93, 94, 95, 96, 97, 98, 99, 100, 101, 103, 104, 106, 108, 115, 116, 117, 119, 121, 122, 123, 130, 131, 133, 134, 135, 137, 138, 140, 141, 143, 144, 146, 147, 152, 157, 160, 161, 162, 163, 166, 169, 171, 172, 173, 176, 179, 182, 183, 187, 189, 190, 193, 202, 206, 210, 214, 220, 222, 229, 230, 233, 236, 238, 239, 241, 242, 243, 244, 246, 251, 253, 254, 255, 256, 257, 258, 261, 266, 267, 268, 270, 271, 272, 274, 276, 282, 283, 284, 286, 288, 293, 294, 295, 302, 303, 315], "summary": {"covered_lines": 143, "num_statements": 165, "percent_covered": 86.66666666666667, "percent_covered_display": "87", "missing_lines": 22, "excluded_lines": 0}, "missing_lines": [75, 76, 81, 82, 83, 84, 87, 109, 113, 191, 264, 285, 304, 305, 306, 307, 309, 310, 311, 312, 313, 314], "excluded_lines": []}, "lexiflux/ebook/book_processor.py": {"executed_lines": [1, 2, 3, 6, 7, 9, 14, 15, 16, 17, 18, 25, 26, 28, 32, 33, 34, 35, 36, 46, 67, 68, 78, 94, 95, 96, 97, 99, 103, 106, 111, 126, 128, 129, 130, 131], "summary": {"covered_lines": 34, "num_statements": 34, "percent_covered": 100.0, "percent_covered_display": "100", "missing_lines": 0, "excluded_lines": 0}, "missing_lines": [], "excluded_lines": []}, "lexiflux/language/google_languages.py": {"executed_lines": [1, 2, 4, 6, 12, 14, 15, 18, 19, 20, 21, 24, 30], "summary": {"covered_lines": 12, "num_statements": 12, "percent_covered": 100.0, "percent_covered_display": "100", "missing_lines": 0, "excluded_lines": 0}, "missing_lines": [], "excluded_lines": []}, "lexiflux/language/translation.py": {"executed_lines": [1, 2, 3, 4, 5, 7, 8, 10, 12, 15, 16, 18, 26, 27, 32, 33, 40, 42, 43, 44, 45, 46, 58, 66, 67, 68, 69, 70, 71, 72, 74, 75, 78], "summary": {"covered_lines": 31, "num_statements": 47, "percent_covered": 65.95744680851064, "percent_covered_display": "66", "missing_lines": 16, "excluded_lines": 0}, "missing_lines": [20, 21, 22, 23, 24, 29, 35, 36, 37, 47, 48, 52, 53, 54, 55, 79], "excluded_lines": []}, "lexiflux/models.py": {"executed_lines": [1, 2, 3, 4, 6, 7, 8, 9, 11, 14, 25, 26, 28, 29, 31, 33, 38, 39, 41, 43, 48, 49, 51, 59, 60, 61, 65, 66, 67, 68, 70, 71, 77, 78, 82, 83, 87, 105, 111, 116, 117, 119, 120, 122, 127, 128, 130, 131, 132, 134, 135, 137, 138, 140, 145, 146, 148, 151, 154, 157, 158, 164, 167, 168, 169, 170, 171, 177, 178, 208, 209, 211, 214, 215, 217, 220, 221, 222, 223, 225, 226, 228], "summary": {"covered_lines": 70, "num_statements": 104, "percent_covered": 67.3076923076923, "percent_covered_display": "67", "missing_lines": 34, "excluded_lines": 0}, "missing_lines": [16, 17, 18, 35, 45, 73, 74, 75, 80, 85, 89, 94, 95, 97, 98, 99, 100, 101, 103, 107, 108, 109, 113, 124, 142, 182, 192, 193, 194, 195, 198, 201, 204, 206], "excluded_lines": []}, "lexiflux/settings.py": {"executed_lines": [], "summary": {"covered_lines": 0, "num_statements": 0, "percent_covered": 100.0, "percent_covered_display": "100", "missing_lines": 0, "excluded_lines": 0}, "missing_lines": [], "excluded_lines": []}, "lexiflux/signals.py": {"executed_lines": [1, 2, 4, 5, 6, 8, 10, 13, 14, 25, 26], "summary": {"covered_lines": 10, "num_statements": 13, "percent_covered": 76.92307692307692, "percent_covered_display": "77", "missing_lines": 3, "excluded_lines": 0}, "missing_lines": [21, 22, 32], "excluded_lines": []}, "lexiflux/tests.py": {"executed_lines": [], "summary": {"covered_lines": 0, "num_statements": 0, "percent_covered": 100.0, "percent_covered_display": "100", "missing_lines": 0, "excluded_lines": 0}, "missing_lines": [], "excluded_lines": []}, "lexiflux/urls.py": {"executed_lines": [], "summary": {"covered_lines": 0, "num_statements": 3, "percent_covered": 0.0, "percent_covered_display": "0", "missing_lines": 3, "excluded_lines": 0}, "missing_lines": [2, 4, 6], "excluded_lines": []}, "lexiflux/views.py": {"executed_lines": [], "summary": {"covered_lines": 0, "num_statements": 126, "percent_covered": 0.0, "percent_covered_display": "0", "missing_lines": 126, "excluded_lines": 0}, "missing_lines": [2, 3, 4, 5, 6, 7, 8, 9, 11, 12, 14, 17, 19, 20, 21, 22, 23, 24, 26, 27, 28, 29, 32, 34, 37, 39, 42, 43, 48, 49, 50, 52, 54, 55, 56, 58, 60, 61, 62, 64, 65, 67, 78, 79, 84, 85, 86, 87, 88, 89, 90, 91, 92, 93, 94, 95, 105, 116, 117, 119, 120, 121, 122, 123, 124, 126, 127, 129, 132, 135, 136, 138, 139, 140, 141, 146, 147, 148, 149, 150, 151, 152, 155, 156, 159, 162, 163, 165, 167, 170, 176, 187, 188, 190, 191, 192, 193, 194, 195, 199, 202, 203, 204, 206, 208, 209, 210, 212, 213, 214, 215, 216, 217, 219, 220, 221, 223, 231, 234, 235, 237, 238, 240, 241, 244, 250], "excluded_lines": []}}, "totals": {"covered_lines": 314, "num_statements": 518, "percent_covered": 60.61776061776062, "percent_covered_display": "61", "missing_lines": 204, "excluded_lines": 0}}, "coverage_path": "."}