{"coverage": 72.31208372978116, "raw_data": {"meta": {"format": 2, "version": "7.5.4", "timestamp": "2024-07-05T08:42:36.968867", "branch_coverage": false, "show_contexts": false}, "files": {"lexiflux/api.py": {"executed_lines": [1, 3, 4, 5, 7, 8, 11, 13, 16, 17, 19, 20, 22, 23, 26, 29, 30, 31, 32, 34, 35, 36, 41, 43], "summary": {"covered_lines": 21, "num_statements": 24, "percent_covered": 87.5, "percent_covered_display": "88", "missing_lines": 3, "excluded_lines": 0}, "missing_lines": [37, 38, 39], "excluded_lines": []}, "lexiflux/apps.py": {"executed_lines": [1, 3, 5, 6, 7, 10, 11, 13, 14, 16, 18, 20, 21, 23, 24, 28], "summary": {"covered_lines": 14, "num_statements": 14, "percent_covered": 100.0, "percent_covered_display": "100", "missing_lines": 0, "excluded_lines": 0}, "missing_lines": [], "excluded_lines": []}, "lexiflux/ebook/book_base.py": {"executed_lines": [1, 3, 4, 5, 7, 9, 10, 11, 12, 14, 17, 18, 20, 21, 22, 23, 24, 27, 28, 30, 31, 33, 34, 36, 37, 42, 46, 53, 58, 61, 62, 63, 64, 67, 70, 72, 73, 74, 77, 80, 83, 84, 88, 90, 91, 94, 96, 97, 101, 102, 104, 105, 106, 109, 111, 112, 114, 115, 117, 118, 121, 122, 125, 126, 128, 129, 130, 135, 137, 138], "summary": {"covered_lines": 67, "num_statements": 72, "percent_covered": 93.05555555555556, "percent_covered_display": "93", "missing_lines": 5, "excluded_lines": 0}, "missing_lines": [44, 51, 92, 131, 132], "excluded_lines": []}, "lexiflux/ebook/book_epub.py": {"executed_lines": [1, 3, 4, 5, 7, 8, 10, 13, 16, 17, 19, 20, 21, 23, 28, 29, 31, 32, 33, 40, 42, 49, 50, 55, 56, 57, 58, 61, 63, 68, 69, 70, 71, 72, 73, 82, 83, 84, 85, 86, 87, 88, 92, 97, 103, 104, 106, 107, 108, 109, 110, 112, 113, 118, 121, 125, 126, 127, 128, 129, 130, 132, 133, 136, 141, 142, 143, 144, 145, 146, 147, 150, 158, 159, 160, 161, 162, 163, 164, 165, 166, 167, 168, 169, 170, 175], "summary": {"covered_lines": 84, "num_statements": 92, "percent_covered": 91.30434782608695, "percent_covered_display": "91", "missing_lines": 8, "excluded_lines": 0}, "missing_lines": [94, 111, 114, 115, 116, 176, 177, 178], "excluded_lines": []}, "lexiflux/ebook/book_plain_text.py": {"executed_lines": [1, 3, 4, 5, 6, 8, 9, 10, 11, 13, 16, 17, 19, 20, 21, 22, 23, 24, 25, 26, 28, 29, 31, 39, 40, 41, 43, 45, 46, 48, 55, 56, 57, 60, 62, 64, 65, 66, 67, 68, 69, 70, 71, 72, 74, 75, 77, 79, 80, 81, 88, 89, 91, 92, 93, 95, 96, 98, 99, 101, 102, 104, 105, 106, 107, 109, 110, 116, 121, 122, 124, 125, 126, 127, 128, 129, 132, 139, 140, 141, 143, 144, 145, 147, 149, 155, 156, 157, 158, 159, 161, 166, 167, 168, 175, 176, 177, 178, 179, 180, 183, 184, 185, 186, 187, 188], "summary": {"covered_lines": 104, "num_statements": 111, "percent_covered": 93.69369369369369, "percent_covered_display": "94", "missing_lines": 7, "excluded_lines": 0}, "missing_lines": [58, 59, 112, 113, 114, 135, 182], "excluded_lines": []}, "lexiflux/ebook/headings.py": {"executed_lines": [1, 3, 4, 5, 8, 11, 12, 14, 19, 20, 21, 22, 23, 30, 31, 33, 37, 38, 39, 40, 41, 51, 72, 73, 83, 99, 100, 101, 102, 104, 108, 111, 116, 131, 133, 134, 135, 136], "summary": {"covered_lines": 36, "num_statements": 36, "percent_covered": 100.0, "percent_covered_display": "100", "missing_lines": 0, "excluded_lines": 0}, "missing_lines": [], "excluded_lines": []}, "lexiflux/ebook/page_splitter.py": {"executed_lines": [1, 3, 4, 7, 8, 10, 11, 12, 13, 14, 16, 17, 18, 19, 21, 33, 42, 46, 50, 54, 60, 62, 70, 71, 74, 75, 78, 80, 82, 83, 85, 89, 90, 92], "summary": {"covered_lines": 32, "num_statements": 37, "percent_covered": 86.48648648648648, "percent_covered_display": "86", "missing_lines": 5, "excluded_lines": 0}, "missing_lines": [23, 24, 25, 26, 29], "excluded_lines": []}, "lexiflux/forms.py": {"executed_lines": [], "summary": {"covered_lines": 0, "num_statements": 21, "percent_covered": 0.0, "percent_covered_display": "0", "missing_lines": 21, "excluded_lines": 0}, "missing_lines": [3, 5, 6, 9, 12, 13, 14, 16, 17, 18, 19, 21, 22, 23, 26, 27, 28, 29, 30, 31, 33], "excluded_lines": []}, "lexiflux/language/google_languages.py": {"executed_lines": [1, 3, 5, 7, 13, 15, 16, 19, 20, 21, 22, 25, 31], "summary": {"covered_lines": 12, "num_statements": 12, "percent_covered": 100.0, "percent_covered_display": "100", "missing_lines": 0, "excluded_lines": 0}, "missing_lines": [], "excluded_lines": []}, "lexiflux/language/translation.py": {"executed_lines": [1, 3, 4, 5, 6, 8, 9, 11, 13, 16, 17, 19, 21, 22, 23, 24, 25, 27, 28, 30, 33, 34, 36, 37, 38, 41, 43, 44, 45, 46, 47, 48, 49, 53, 54, 55, 56, 59, 69, 70, 71, 72, 73, 74, 75, 77, 78, 81], "summary": {"covered_lines": 45, "num_statements": 45, "percent_covered": 100.0, "percent_covered_display": "100", "missing_lines": 0, "excluded_lines": 2}, "missing_lines": [], "excluded_lines": [81, 82]}, "lexiflux/lexical_articles.py": {"executed_lines": [], "summary": {"covered_lines": 0, "num_statements": 10, "percent_covered": 0.0, "percent_covered_display": "0", "missing_lines": 10, "excluded_lines": 0}, "missing_lines": [3, 6, 10, 11, 13, 17, 18, 28, 30, 32], "excluded_lines": []}, "lexiflux/llm.py": {"executed_lines": [], "summary": {"covered_lines": 0, "num_statements": 142, "percent_covered": 0.0, "percent_covered_display": "0", "missing_lines": 142, "excluded_lines": 0}, "missing_lines": [3, 4, 5, 6, 8, 9, 10, 11, 12, 13, 14, 17, 20, 21, 24, 27, 29, 31, 32, 33, 35, 40, 41, 42, 43, 44, 45, 48, 51, 52, 53, 54, 55, 56, 57, 58, 59, 60, 61, 63, 64, 65, 66, 67, 69, 70, 73, 76, 77, 78, 79, 82, 83, 84, 87, 90, 91, 92, 93, 94, 95, 96, 97, 98, 99, 102, 115, 117, 118, 121, 122, 124, 126, 128, 130, 134, 144, 145, 146, 147, 148, 149, 150, 153, 154, 155, 156, 157, 158, 160, 161, 163, 170, 172, 175, 177, 178, 184, 186, 187, 188, 189, 190, 192, 200, 204, 218, 222, 237, 241, 261, 265, 288, 292, 300, 301, 308, 309, 311, 332, 335, 336, 340, 341, 342, 344, 345, 347, 348, 355, 356, 357, 359, 360, 362, 363, 364, 365, 367, 368, 372, 374], "excluded_lines": []}, "lexiflux/models.py": {"executed_lines": [1, 3, 4, 5, 7, 8, 9, 10, 11, 12, 13, 14, 16, 19, 21, 31, 32, 35, 37, 38, 39, 46, 47, 49, 52, 54, 56, 58, 61, 62, 64, 66, 71, 72, 74, 82, 83, 84, 88, 89, 90, 91, 93, 94, 100, 102, 103, 105, 107, 108, 110, 112, 114, 120, 124, 127, 128, 129, 133, 135, 136, 137, 138, 139, 140, 142, 144, 146, 151, 152, 154, 155, 157, 162, 163, 165, 166, 167, 169, 170, 171, 173, 176, 177, 179, 180, 181, 182, 183, 184, 186, 187, 188, 189, 190, 191, 192, 194, 196, 199, 200, 202, 208, 209, 211, 214, 215, 216, 218, 219, 221, 222, 223, 225, 228, 229, 232, 233, 234, 237, 238, 240, 243, 246, 253, 256, 257, 259, 260, 262, 263, 265, 266, 273, 275, 278, 279, 284, 287, 288, 289, 290, 291, 295, 300, 301, 305, 315, 330, 331, 333, 336, 337, 339, 344, 345, 346, 347, 349, 350, 352], "summary": {"covered_lines": 149, "num_statements": 172, "percent_covered": 86.62790697674419, "percent_covered_display": "87", "missing_lines": 23, "excluded_lines": 0}, "missing_lines": [68, 121, 130, 131, 148, 159, 174, 203, 204, 205, 224, 226, 227, 230, 270, 271, 316, 317, 318, 321, 325, 326, 328], "excluded_lines": []}, "lexiflux/settings.py": {"executed_lines": [], "summary": {"covered_lines": 0, "num_statements": 0, "percent_covered": 100.0, "percent_covered_display": "100", "missing_lines": 0, "excluded_lines": 0}, "missing_lines": [], "excluded_lines": []}, "lexiflux/signals.py": {"executed_lines": [1, 3, 4, 6, 7, 8, 10, 12, 14, 29, 30, 37, 38, 39, 40, 46, 54, 55, 65, 66, 72], "summary": {"covered_lines": 20, "num_statements": 22, "percent_covered": 90.9090909090909, "percent_covered_display": "91", "missing_lines": 2, "excluded_lines": 0}, "missing_lines": [41, 42], "excluded_lines": []}, "lexiflux/tests.py": {"executed_lines": [], "summary": {"covered_lines": 0, "num_statements": 0, "percent_covered": 100.0, "percent_covered_display": "100", "missing_lines": 0, "excluded_lines": 0}, "missing_lines": [], "excluded_lines": []}, "lexiflux/urls.py": {"executed_lines": [1, 3, 5, 7], "summary": {"covered_lines": 3, "num_statements": 3,