{"coverage": 64.49086161879896, "raw_data": {"meta": {"version": "7.3.4", "timestamp": "2023-12-21T14:38:56.428529", "branch_coverage": false, "show_contexts": false}, "files": {"lexiflux/apps.py": {"executed_lines": [1, 2, 4, 5, 6, 9, 10, 12, 13, 15, 17, 19, 20, 22, 23, 27], "summary": {"covered_lines": 14, "num_statements": 14, "percent_covered": 100.0, "percent_covered_display": "100", "missing_lines": 0, "excluded_lines": 0}, "missing_lines": [], "excluded_lines": []}, "lexiflux/ebook/book_plain_text.py": {"executed_lines": [1, 2, 3, 4, 5, 7, 8, 11, 12, 14, 15, 16, 17, 18, 21, 22, 24, 25, 26, 27, 28, 29, 30, 31, 32, 33, 34, 35, 37, 41, 42, 43, 44, 45, 46, 47, 48, 50, 51, 52, 54, 69, 71, 72, 73, 78, 79, 81, 83, 84, 86, 87, 92, 97, 100, 101, 102, 103, 104, 107, 110, 113, 114, 118, 120, 122, 131, 135, 139, 140, 146, 148, 154, 155, 157, 160, 162, 163, 165, 166, 167, 168, 170, 175, 176, 177, 178, 179, 180, 183, 190, 191, 192, 193, 194, 195, 197, 199, 200, 202, 204, 205, 206, 207, 210, 216, 217, 219, 223, 224, 225, 226, 227, 228, 238, 259, 260, 270, 286, 287, 288, 289, 291, 295, 298, 303, 318, 326, 328, 334, 335, 336, 338, 340, 342, 343, 344, 351, 352, 363, 366, 379], "summary": {"covered_lines": 139, "num_statements": 169, "percent_covered": 82.24852071005917, "percent_covered_display": "82", "missing_lines": 30, "excluded_lines": 0}, "missing_lines": [56, 57, 61, 62, 63, 64, 66, 67, 186, 320, 337, 353, 354, 355, 357, 358, 359, 360, 361, 362, 368, 369, 370, 375, 376, 381, 382, 387, 388, 389], "excluded_lines": []}, "lexiflux/language/google_languages.py": {"executed_lines": [1, 2, 4, 6, 12, 14, 15, 18, 19, 20, 21, 24, 30], "summary": {"covered_lines": 12, "num_statements": 12, "percent_covered": 100.0, "percent_covered_display": "100", "missing_lines": 0, "excluded_lines": 0}, "missing_lines": [], "excluded_lines": []}, "lexiflux/language/translation.py": {"executed_lines": [1, 2, 3, 4, 6, 7, 9, 12, 13, 15, 23, 24, 29, 30, 37, 42, 62], "summary": {"covered_lines": 15, "num_statements": 35, "percent_covered": 42.857142857142854, "percent_covered_display": "43", "missing_lines": 20, "excluded_lines": 0}, "missing_lines": [17, 18, 19, 20, 21, 26, 32, 33, 34, 39, 50, 51, 52, 53, 54, 55, 56, 58, 59, 63], "excluded_lines": []}, "lexiflux/models.py": {"executed_lines": [1, 2, 3, 5, 6, 7, 9, 12, 13, 15, 16, 18, 20, 25, 26, 28, 30, 35, 36, 38, 39, 40, 41, 47, 48, 52, 53, 54, 55, 57, 61, 65, 66, 70, 75, 76, 78, 79, 81, 86, 87, 89, 90, 91, 93, 94, 96, 97, 99, 104, 105, 107, 108, 111, 114, 115, 117, 120, 121, 122, 124, 126, 127, 143, 151, 152, 154], "summary": {"covered_lines": 57, "num_statements": 72, "percent_covered": 79.16666666666667, "percent_covered_display": "79", "missing_lines": 15, "excluded_lines": 0}, "missing_lines": [22, 32, 59, 63, 68, 72, 83, 101, 131, 135, 138, 139, 140, 141, 145], "excluded_lines": []}, "lexiflux/settings.py": {"executed_lines": [], "summary": {"covered_lines": 0, "num_statements": 0, "percent_covered": 100.0, "percent_covered_display": "100", "missing_lines": 0, "excluded_lines": 0}, "missing_lines": [], "excluded_lines": []}, "lexiflux/signals.py": {"executed_lines": [1, 2, 4, 5, 6, 8, 10, 13, 14, 22, 23], "summary": {"covered_lines": 10, "num_statements": 13, "percent_covered": 76.92307692307692, "percent_covered_display": "77", "missing_lines": 3, "excluded_lines": 0}, "missing_lines": [18, 19, 27], "excluded_lines": []}, "lexiflux/tests.py": {"executed_lines": [], "summary": {"covered_lines": 0, "num_statements": 0, "percent_covered": 100.0, "percent_covered_display": "100", "missing_lines": 0, "excluded_lines": 0}, "missing_lines": [], "excluded_lines": []}, "lexiflux/urls.py": {"executed_lines": [], "summary": {"covered_lines": 0, "num_statements": 3, "percent_covered": 0.0, "percent_covered_display": "0", "missing_lines": 3, "excluded_lines": 0}, "missing_lines": [2, 4, 6], "excluded_lines": []}, "lexiflux/views.py": {"executed_lines": [], "summary": {"covered_lines": 0, "num_statements": 65, "percent_covered": 0.0, "percent_covered_display": "0", "missing_lines": 65, "excluded_lines": 0}, "missing_lines": [2, 3, 4, 5, 6, 8, 10, 13, 14, 16, 17, 18, 19, 30, 31, 33, 34, 35, 36, 37, 38, 39, 40, 41, 51, 63, 64, 66, 67, 68, 69, 70, 71, 73, 76, 79, 80, 82, 83, 84, 85, 90, 91, 92, 93, 94, 95, 96, 99, 100, 103, 106, 107, 109, 111, 123, 126, 128, 129, 130, 131, 133, 134, 136, 138], "excluded_lines": []}}, "totals": {"covered_lines": 247, "num_statements": 383, "percent_covered": 64.49086161879896, "percent_covered_display": "64", "missing_lines": 136, "excluded_lines": 0}}, "coverage_path": "."}