{"coverage": 93.59534206695778, "raw_data": {"meta": {"format": 2, "version": "7.5.1", "timestamp": "2024-05-06T10:42:44.657432", "branch_coverage": false, "show_contexts": false}, "files": {"lexiflux/apps.py": {"executed_lines": [1, 3, 5, 6, 7, 10, 11, 13, 14, 16, 18, 20, 21, 23, 24, 28], "summary": {"covered_lines": 14, "num_statements": 14, "percent_covered": 100.0, "percent_covered_display": "100", "missing_lines": 0, "excluded_lines": 0}, "missing_lines": [], "excluded_lines": []}, "lexiflux/ebook/book_base.py": {"executed_lines": [1, 3, 4, 5, 7, 9, 10, 11, 12, 14, 17, 18, 20, 21, 22, 23, 24, 27, 28, 30, 31, 33, 34, 36, 37, 42, 46, 53, 58, 61, 62, 63, 64, 67, 70, 72, 73, 74, 77, 80, 83, 84, 88, 90, 91, 94, 96, 97, 101, 102, 104, 105, 106, 109, 111, 112, 114, 115, 117, 118, 121, 122, 125, 126, 128, 129, 130, 135, 137, 138], "summary": {"covered_lines": 67, "num_statements": 72, "percent_covered": 93.05555555555556, "percent_covered_display": "93", "missing_lines": 5, "excluded_lines": 0}, "missing_lines": [44, 51, 92, 131, 132], "excluded_lines": []}, "lexiflux/ebook/book_epub.py": {"executed_lines": [1, 3, 4, 5, 7, 8, 10, 13, 16, 17, 19, 20, 21, 23, 28, 29, 31, 32, 33, 40, 42, 49, 50, 55, 56, 57, 58, 61, 63, 68, 69, 70, 71, 72, 73, 82, 83, 84, 85, 86, 87, 88, 92, 97, 103, 104, 106, 107, 108, 109, 110, 112, 113, 118, 121, 125, 126, 127, 128, 129, 130, 132, 133, 136, 141, 142, 143, 144, 145, 146, 147, 150, 158, 159, 160, 161, 162, 163, 164, 165, 166, 167, 168, 169, 170, 175], "summary": {"covered_lines": 84, "num_statements": 92, "percent_covered": 91.30434782608695, "percent_covered_display": "91", "missing_lines": 8, "excluded_lines": 0}, "missing_lines": [94, 111, 114, 115, 116, 176, 177, 178], "excluded_lines": []}, "lexiflux/ebook/book_plain_text.py": {"executed_lines": [1, 3, 4, 5, 6, 8, 9, 10, 11, 13, 16, 17, 19, 20, 21, 22, 23, 24, 25, 26, 28, 29, 31, 39, 40, 41, 43, 45, 46, 48, 55, 56, 57, 60, 62, 64, 65, 66, 67, 68, 69, 70, 71, 72, 74, 75, 77, 79, 80, 81, 88, 89, 91, 92, 93, 95, 96, 98, 99, 101, 102, 104, 105, 106, 107, 109, 114, 115, 117, 118, 119, 120, 121, 122, 125, 132, 133, 134, 136, 137, 138, 140, 142, 148, 149, 150, 151, 152, 154, 159, 160, 161, 168, 169, 170, 171, 172, 173, 176, 177, 178, 179, 180, 181], "summary": {"covered_lines": 102, "num_statements": 106, "percent_covered": 96.22641509433963, "percent_covered_display": "96", "missing_lines": 4, "excluded_lines": 0}, "missing_lines": [58, 59, 128, 175], "excluded_lines": []}, "lexiflux/ebook/headings.py": {"executed_lines": [1, 3, 4, 5, 8, 11, 12, 14, 19, 20, 21, 22, 23, 30, 31, 33, 37, 38, 39, 40, 41, 51, 72, 73, 83, 99, 100, 101, 102, 104, 108, 111, 116, 131, 133, 134, 135, 136], "summary": {"covered_lines": 36, "num_statements": 36, "percent_covered": 100.0, "percent_covered_display": "100", "missing_lines": 0, "excluded_lines": 0}, "missing_lines": [], "excluded_lines": []}, "lexiflux/ebook/page_splitter.py": {"executed_lines": [1, 3, 4, 7, 8, 10, 11, 12, 13, 14, 16, 17, 18, 19, 21, 33, 42, 46, 50, 54, 60, 62, 70, 71, 74, 75, 78, 80, 82, 83, 85, 89, 90, 92], "summary": {"covered_lines": 32, "num_statements": 37, "percent_covered": 86.48648648648648, "percent_covered_display": "86", "missing_lines": 5, "excluded_lines": 0}, "missing_lines": [23, 24, 25, 26, 29], "excluded_lines": []}, "lexiflux/language/google_languages.py": {"executed_lines": [1, 3, 5, 7, 13, 15, 16, 19, 20, 21, 22, 25, 31], "summary": {"covered_lines": 12, "num_statements": 12, "percent_covered": 100.0, "percent_covered_display": "100", "missing_lines": 0, "excluded_lines": 0}, "missing_lines": [], "excluded_lines": []}, "lexiflux/language/translation.py": {"executed_lines": [1, 3, 4, 5, 6, 8, 9, 11, 13, 16, 17, 19, 21, 22, 23, 24, 25, 27, 28, 30, 33, 34, 36, 37, 38, 41, 43, 44, 45, 46, 47, 48, 49, 53, 54, 55, 56, 59, 69, 70, 71, 72, 73, 74, 75, 77, 78, 81], "summary": {"covered_lines": 45, "num_statements": 45, "percent_covered": 100.0, "percent_covered_display": "100", "missing_lines": 0, "excluded_lines": 2}, "missing_lines": [], "excluded_lines": [81, 82]}, "lexiflux/models.py": {"executed_lines": [1, 3, 4, 5, 7, 8, 9, 10, 12, 14, 16, 17, 20, 22, 23, 24, 31, 32, 34, 35, 37, 39, 44, 45, 47, 49, 54, 55, 57, 65, 66, 67, 71, 72, 73, 74, 76, 77, 83, 85, 86, 88, 90, 91, 93, 95, 97, 103, 107, 110, 111, 112, 116, 118, 119, 120, 121, 122, 123, 125, 127, 129, 134, 135, 137, 138, 140, 145, 146, 148, 149, 150, 152, 153, 155, 156, 158, 163, 164, 166, 169, 176, 179, 180, 185, 188, 189, 190, 191, 192, 196, 201, 202, 206, 216, 231, 232, 234, 237, 238, 240, 245, 246, 247, 248, 250, 251, 253], "summary": {"covered_lines": 96, "num_statements": 111, "percent_covered": 86.48648648648648, "percent_covered_display": "86", "missing_lines": 15, "excluded_lines": 0}, "missing_lines": [41, 51, 104, 113, 114, 131, 142, 160, 217, 218, 219, 222, 226, 227, 229], "excluded_lines": []}, "lexiflux/settings.py": {"executed_lines": [], "summary": {"covered_lines": 0, "num_statements": 0, "percent_covered": 100.0, "percent_covered_display": "100", "missing_lines": 0, "excluded_lines": 0}, "missing_lines": [], "excluded_lines": []}, "lexiflux/signals.py": {"executed_lines": [1, 3, 5, 6, 7, 9, 11, 14, 15, 22, 23, 26, 27, 33], "summary": {"covered_lines": 13, "num_statements": 13, "percent_covered": 100.0, "percent_covered_display": "100", "missing_lines": 0, "excluded_lines": 0}, "missing_lines": [], "excluded_lines": []}, "lexiflux/tests.py": {"executed_lines": [], "summary": {"covered_lines": 0, "num_statements": 0, "percent_covered": 100.0, "percent_covered_display": "100", "missing_lines": 0, "excluded_lines": 0}, "missing_lines": [], "excluded_lines": []}, "lexiflux/urls.py": {"executed_lines": [1, 3, 5, 7], "summary": {"covered_lines": 3, "num_statements": 3, "percent_covered": 100.0, "percent_covered_display": "100", "missing_lines": 0, "excluded_lines": 0}, "missing_lines": [], "excluded_lines": []}, "lexiflux/utils.py": {"executed_lines": [1, 3, 5, 8, 10, 11, 12, 13, 16], "summary": {"covered_lines": 8, "num_statements": 8, "percent_covered": 100.0, "percent_covered_display": "100", "missing_lines": 0, "excluded_lines": 0}, "missing_lines": [], "excluded_lines": []}, "lexiflux/views.py": {"executed_lines": [1, 3, 4, 5, 6, 7, 8, 9, 10, 12, 13, 15, 18, 20, 21, 22, 23, 24, 25, 27, 28, 29, 30, 33, 38, 40, 43, 44, 49, 50, 51, 52, 53, 55, 56, 58, 59, 60, 62, 65, 67, 68, 70, 72, 73, 75, 86, 87, 92, 93, 94, 95, 96, 97, 98, 99, 100, 104, 105, 108, 110, 111, 112, 122, 133, 134, 136, 137, 138, 139, 140, 142, 143, 145, 146, 147, 149, 152, 155, 156, 158, 159, 160, 161, 163, 164, 165, 166, 167, 168, 169, 172, 173, 176, 179, 180, 182, 184, 187, 193, 204, 205, 207, 208, 209, 210, 216, 219, 220, 221, 223, 225, 226, 227, 229, 230, 231, 232, 233, 234, 236, 237, 240, 248, 251, 252, 254, 255, 257, 258, 260, 264], "summary": {"covered_lines": 131, "num_statements": 138, "percent_covered": 94.92753623188406, "percent_covered_display": "95", "missing_lines": 7, "excluded_lines": 0}, "missing_lines": [35, 54, 63, 141, 211, 212, 238], "excluded_lines": []}}, "totals": {"covered_lines": 643, "num_statements": 687, "percent_covered": 93.59534206695778, "percent_covered_display": "94", "missing_lines": 44, "excluded_lines": 2}}, "coverage_path": "."}